ชื่ออาหาร,วัตถุดิบ_ไม่มีปริมาณ,,query1 อยากกินอาหารครบ,query2 ,query 3 
แกงเลียงกุ้งสด,"กุ้ง, ข้าวโพด, ฟักทอง, บวบ, เห็ด, ใบแมงลัก, น้ำซุป, น้ำปลา, ซีอิ๊วขาว, น้ำตาล, หอมแดง, กุ้งแห้ง, กระชาย, พริกไทย, กะปิ, พริกขี้หนู, รากผักชี",,อยากกินอาหารที่มี กุ้ง ฟักทอง ข้าวโพด กะปิ พริกขี้หนู แคลมากๆจะได้อร่อยๆ กินอิ่ม ,อยากอีส อาหารนัวๆ เผ็ด มีกุ้ง บวบ เห็ด ข้าวโพด,อยากอีส แกงที่มี กุ้งนัวๆ แซ่บๆ มี บวบ ฟักทอง 
ปลานึ่งมะนาว,"ปลา,  น้ำปลา,  มะนาว,  น้ำตาล,  พริกขี้หนู,  กระเทียม,  ผักชี,  ตะไคร้",,อยากกิน ปลา น้ำปลา มะนาว น้ำตาล พริก แคลกำลังดี ประมาณกลางๆ ไขมันน้อย,อยากกินปลา แซ่บๆ เปรี้ยวๆ อร่อยๆ กินแล้วชื่นใจ เผ็ด เปริ้ยวกำลังดี  ไขมันน้อย,อยากกินอะไรที่มัน จิ้ดจ๊าด มีพริก  มะนาว ทำมาจากปลา
มาม่าผัดขี้เมาทะเล,"กุ้ง, ปลา, ปลาหมึก, มาม่า,  ใบโหระพา,  พริกไทย,  ไข่ไก่,  พริกขี้หนู,  กระเทียม,  ซีอิ๊วดำ",,อยากกินมาม่าทะเล แซ่บๆ อร่อย มีกุ้ง เม็ดพริกไทย ไข่ไก่ โปรตีนสูง เครื่องเราเต็มไปด้วยโปรตีน,อยากกินมาม่า กุ้ง ปลาหมึก และพริก ทำอาหารอะไรดี ไขมันน้อย อร่อยนๆ,อาหารยามดึกต้องมาม่า แต่มีพวกอาหารทะเลอีกเอามาทำเมนูอะไรดี
แกงเขียวหวานหมู (มือใหม่หัดแกง),"หมู,  พริกแกง,  หัวกะทิ,  ใบโหระพา,  มะเขือ,  พริกชี้ฟ้า,  ใบมะกรูด,  น้ำตาลมะพร้าว,  น้ำปลา,  น้ำมัน",,อยากกินเอาพริกแกงเขียวหวาน มาใช้จัง มีมะเขือเปราะ มะเขือพวง ใบมะกรูด น้ำตาล น้ำปลา หัวกะทิ,อยากกิน หมู เอามาทำกับหัวกะทิ ใบโหระพา มะเจือ พริกแกง,อยากกินแกงเขียวหวานหมู รสชาติดี มีมะเขือ มีพริก แคลมากๆ จะได้อร่อย อิ่ม ฟิน 
แกงป่า,"ไก่,  พริกไทย, พริก, ผงปรุงรส,  พริกแกง,  ใบกะเพรา,  มะเขือเปาะ,  มะเขือพวง,  กระชาย, ถั่วฝักยาว,  น้ำตาล",,อยากกิน ไก่ พริกแกง  มีใบกะเพรา มะเขือ กระชาย ถั่วฝักยาว ทำเมนูอะไรดี ขอไขมันน้อยๆ,อยากกิน แกง เค็มเผ็ดนำ เปรี้ยวตาม หอมกลิ่นกระชาย มีถั่วฝักยาว  เคี้ยวกรุ๊บๆ ,อยากกินอาหารที่มันมีรสชาติ เค็มนำ เปรี้ยวตาม ใส่วัตถุดิบได้หลากหลาย เช่น ไก่ มะเขือ กระชาย น้ำตาล
แกงส้มปลากระพงผักรวม (แกงส้มปักษ์ใต้),"ปลากระพง, พริกแกง,  ผัก,  น้ำปลา,  น้ำตาล",,อยากกิน ปลากระพง พริกแกง ผัก ส้มแขก น้ำปลา น้ำตาล  เป็นแกง ไขมันน้อย,อยากกินอาหารที่มีรสเปรี้ยวนำ ตามด้วยเผ็ด หวาน เค็ม อร่อยๆ มี ปลากระพง พริกแกงเหลือง,แกง ที่มีส้มแขก และพริกแกงเพิ่มความนัว มี ปลากระพงอร่อยๆ ไขมันน้อย เฮลตี้ๆ
ต้มยำกุ้งน้ำใส,"กุ้ง, เห็ดฟาง, ข่า, ตะไคร้, ใบมะกรูด, หอมแดง, พริกขี้หนู, คนอร์, มะนาว, น้ำปลา",,อยากกิน เห็ด กุ้งตัวโตๆ ข่า ตะไคร้ ใบมะกรูด อร่อยๆ ไขมันน้อย เหมาะกับคนเฮลตี้เหมือนเรา,อยากกิน ต้มยำอร่อยๆ เห็ด กุ้ง รสดี ขอแบบไขมันน้อยด้วย,มีกุ้งตัวใหญ่ๆ ตะไคร้ ใบมะกรูด อยากกินเมนูน้ำ ไขมันน้อย
แกงส้มใต้,"มะละกอ,  ปลาทับทิม,  พริกแกง,  น้ำมะขามเปียก,  น้ำปลา,  เกลือ,  น้ำตาลปีบ",,มีมะละกอ มีปลาทับทิมตัวใหญ่ๆ และพริกแกงส้มใต้,แกงไขมันน้อย โปรตีนน้อย มีปลา ใช้มะละกอ และมีพริกแกง,อยากกินอาหารรสชาติดี มีมะละกอ ปลาทับทิม น้ำมะขามเปียดเพิ่มความอร่อย
ปลาเผาผักสด/เมี่ยงปลาเผา/ปลานิลเผาเกลือ แบบใช้เตาอบ,"ปลา,  เกลือ,  แป้งสาลีเอนกประสงค์,  ตะไคร้,  ใบเตย,  ผัก,  กุ้ง, เส้นหมี่",,มีปลากับเกลือ ตะไคร้ ใบเตย ทำเมนูอะไรดี,อยากกินอาหารที่ดีต่อสุขภาพ ไขมันน้อย มีรสชาติเค็มเล็กน้อยๆจะได้อร่อยๆ ทำมาจากปลา,อยากกินเมี่ยง ปลาเผา รสชาติดี 
น้ำพริกกะปิสูตรคุณยาย,"กะปิ,  น้ำตาลปี๊บ,  พริกสด,  กระเทียม,  มะเขือ,  น้ำมะนาว,  น้ำเปล่า",,อยากกิน น้ำพริก แซ่บๆ รสนัวๆ  มีมะเขือ  แคลน้อย,อยากอีส น้ำพริกกะปิ มีกะปิเยอะๆ,มีพริก มีกะปิ กระเทียม รสดีๆ แคลน้อย โปรตีนน้อย  ไขมันน้อย 
แกงเขียวหวานไก่,"พริกแกง,  กะทิ, ไก่, เลือดไก่,  มะเขือเปราะ,  มะเขือพวง,  ใบโหระพา,  พริกชีฟ้า,  พริกขี้หนูสด,  น้ำตาล",,พริกแกงเขียวหวาน กะทิ ไก่ ใบโหระพา รสชาติดี กินแล้วอร่อย,อยากกิน แกงเขียวหวาน เพราะกับไก่ชิ้นเบิ้มๆ มีมะเขือพวงและมะเขือเปราะ,อยากอีสพริกแกงอร่อยๆ ใส่กะทิ ใส่ไก่ มะเขือ รสชาติอร่อย
แกงส้มมะละกอปลากระป๋อง,"มะละกอ,  ปลากระป๋อง,  น้ำตาลปี๊บ,  น้ำมะขาม,  น้ำปลา,  น้ำเปล่า,  พริกแกง,  ผักชี",,อยากกินแกงส้ม มะละกอ ปลากระป๋อง รสชาติดี โปรตีนน้อย ,อยากอีส แกงร้อนๆ เปรี้ยวๆ เผ็ดหน่อย มีมะละกอ ปลากระป๋อง หอมแดง,อยากอีส แกงไทยเปรี้ยวแซ่บๆ มีปลากระป๋องกับผักหวานๆ อย่างมะละกอ
พริกแกงเหลือง (แกงส้มใต้),"พริก,  กระเทียมไทย,  ขมิ้นยาว, กะปิ,  เกลือ",,มี พริกจินดาแห้ง กระเทียม ขมิ้น เอามาทำอะไรดี,อยากอีส แกงใต้ๆ เผ็ดร้อนจัดจ้านแบบมีพริก ขมิ้น กะปิ หอมแรงๆ เค็มๆนัวๆ,อยากอีส แกงสีเหลืองแบบใต้ รสเผ็ดจี๊ด มีกลิ่นขมิ้นกับกะปิ หอมกระเทียมแรงๆ
น้ำพริกกะปิสูตรอร่อยเด็ด,"กระเทียม,  กะปิ,  น้ำตาลปี๊บ,  พริกขี้หนู,  มะเขือพวง,  น้ำมะนาว",,กระเทียม กะปิ น้ำตาล พริกขี้หนู​ ทำอะไรได้บ้าง,,
แกงส้มชะอมกุ้งพริกแกงใต้,"กุ้ง,  ชะอม,  พริกแกง,  ไข่ไก่,  น้ำตาลปีบ,  น้ำปลา, น้ำมัน,  น้ำมะขามเปียก",,อยากกินอาหารรสชาติ รสเปรี้ยวนำ ตามด้วยเผ็ด มี กุ้ง  ไข่ ผักชะอม รสชาติดี แคลมาก,อยากอีส แกงส้มใต้ๆ มีไข่ชะอม กุ้งสดๆ รสเปรี้ยว เผ็ด เค็มครบเครื่อง,อยากกินแกงส้มใต้รสแซ่บ มีชะอมไข่นุ่มๆ กุ้งเด้งๆ หอมพริกแกง น้ำมะขามนำๆ
ยำปลากระป๋องแบบบ้าน,"ปลากระป๋อง,  หอมแดงซอย,  พริกขี้หนู,  มะนาว",,อยากกินอะไรเปร้ิยวๆ เผ็ดๆ เรามีปลากระป๋อง หอมแดง พริกขี้หนู มะนาว ทำเมนูอะไรได้บ้าง,,
น้ำพริกกะปิ ปลาทูทอด,"น้ำพริก,  กระเทียม,  พริก,  น้ำตาลมะพร้าว,  กะปิ,  มะนาว,  ผัก,  ถั่วฝักยาว,  ผักบุ้ง,  น้ำเปล่า, ปลาทูทอด,  น้ำมัน",,อยากกินอาหารเคียงกับปลาทูตัวใหญ่ๆ ที่บ้านที พริก ประเทียม พริกไทย กะปิ มะนาว ผักต้ม ,อยากอีส อะไรแซ่บๆ เค็มมัน มีพริก กระเทียม กะปิ มะนาว ปลาทูทอด,
แกงเขียวหวานไก่ใส่ฟัก,"สะโพกไก่,  ฟัก,  ตีนไก่,  พริกแกง,  กะทิ,  มะเขือ,  ใบโหระพา,  พริกชี้ฟ้า,  น้ำปลา,  น้ำตาลปีบ,  มะเขือพวง",,อยากกินแกง รสเผ็ด เค็ม มัน หวานจากกะทิ มีไก่เยอะเยอะ ไขมันน้อย,อยากอีส อาหารกะทิเข้มข้น หอมเครื่องแกง มีไก่ มะเขือ ใบโหระพา พริกแดง,
ไข่เจียวหมูสับหน้ากรอบ,"หมู,  ไข่ไก่,  น้ำปลา, ตามชอบ, ซอสหอยนางรม, น้ำตาล",,อาหารง่ายๆ บ้านๆ ทำงจากไข่ หมูสับ,,
เทคนิค กะเพราหมูสับ แบบแห้ง อร่อยกว่าร้าน,"หมูสับ,  พริกเขียว, กระเทียม,  ใบกะเพรา,  ซีอิ๊วขาว,  น้ำปลา,  พริกไทย",,อยากกินอาหารเผ็ด เค็ม มีหมูสับ และใช้ใบกะเพราให้หมด ,,
แกงเขียวหวานไก่ผัดแห้ง,"ไก่,  มะเขือเปราะ,  มะเขือพวง,  พริกแดง,  ใบโหระพา,  พริกแกง,  น้ำตาลปี๊บ,  ใบมะกรูด,  นมข้นจืด,  น้ำมัน, น้ำเปล่า",,อาหารที่ทำจากไก่ มะเขือต่างๆ พริก ใบโหระพา ใบมะกรูด  รสชาติดี,,
ขนมจีนน้ำยาปลาทู,"ปลาทู,  พริกแกง,  กะทิ,  ลูกชิ้นปลา,  กระชาย,  ขนมจีน,  ผัก,  น้ำตาลมะพร้าว,  น้ำปลา",,มีเส้นขนมจีน กะทิ พริกแกง กระชาย ปลาทู ทำอาหารไขมันน้อยได้ไหม,,
แกงส้มปลาหน่อไม้ดอง,"ปลา,  พริกแกง,  หน่อไม้,  กะปิ,  น้ำตาลมะพร้าว,  เกลือ,  น้ำปลา,  น้ำมะขามเปียก,  มะนาว",,อยากกินอาหารไขมันน้อย มีปลาตัวใหญ่ พร้อมเครื่องแกง มะนาว กะปิ หน่อไม้ดอง ,,
พริกแกงมัสมั่น​,"เม็ดผักชี,  เม็ดยี่หร่า,  เม็ดกระวาน,  กานพลู,  ลูกจันทน์​,  ดอกจันทน์​,  อบเชย, พริกชี้ฟ้า,  เกลือสมุทร​,  ข่าแก่,  ตะไคร้,  มะกรูด,  กระเทียม​,  หอมแดง,  กะปิ,  พริกไทยขาว",,มีเครื่องเทศต่างๆ เข่น ดอกจันทร์ ผิวมะกรูด กระเทียม เม็ดผักชี ทำอะไรได้บ้าง,,
ขนมครกสิงคโปร์,"แป้งสาลี,  แป้งมัน,  นม,  ใบเตย, ผงฟู,  เกลือ,  น้ำตาลทราย,  น้ำมันพืช,  ไข่ไก่",,อยากกินขนมอร่อยๆ นุ่มๆ มีแป้ง ใบเตย น้ำตาลพืช,,
ไก่ผัดเม็ดมะม่วงหิมพานต์ (น้ำพริกเผา) Gai Pad Med Mamuang,"ไก่,  แป้งทอดกรอบ,  เม็ดมะม่วงหิมพานต์,  พริก,  หอม,  พริกหวาน, พุทรา,  ต้นหอม,  กระเทียม,  ซอสหอยนางรม,  ซีอิ้ว,  น้ำตาลทราย,  น้ำพริกเผา",,อยากกินไก่กับเม็ดมะม่วงหิมพานต์  รสชาติหวาน กรอบ อร่อย,,
แกงส้มผักบุ้งกุ้งลอยน้ำ,"กุ้ง,  พริกแกง,  ผักบุ้ง,  น้ำปลา,  หัวหอม,  กระชาย,  กะปิ, น้ำตาลทราย,  น้ำมะขามเปียก,  ใบมะกรูด",,อยากกินแกง ไขมันน้อย มีกุ้งตัวใหญ่ๆ พริกแกงส้ม กระชาย,,
ข้าวผัดซีอิ๊วดำ,"ข้าวสวย,  เนื้อหมู,  ไข่ไก่,  คะน้า,  มะเขือเทศ,  หอมหัวใหญ่,  กระเทียมสับ,  ซีอิ๊วดำ,  ซีอิ๊วขาว,  น้ำปลา,  น้ำตาลทราย,  น้ำมันพืช",,อยากกินข้าวผัด รสชาติที่กินแล้วนึกถึงบ้าน  มีซิอิ้วดำ คะน้า หอมหัวใหญ่,,
ขนมจีนน้ำยากะทิไก่,"กะทิ,  อกไก่,  พริกแห้ง,  กระชาย,  ตะไคร้,  หอมแดง,  ข่าหั่น,  กระเทียมซอย,  น้ำซุป,  เกลือป่น,  น้ำปลา,  น้ำตาลทราย,  ใบมะกรูด,  ลูกชิ้น  ขนมจีน",,มีกะทิและเนื้อไก่ กระชาย ตะไคร้ หอมหัวแดง  อยากทำอาหารที่โปรตีนสูง เป็นอาหารคาว,,
น้ำพริกหนุ่ม,"พริก,  หอมแดง,  กระเทียม,  เกลือ,  มะนาว,  น้ำตาล,  ผงคนอร์,  ผงชูรส",,อยากกินน้ำพริก เผ็ด นุ่มละมุนลิ้น  มีพริกหนุ่ม ,,
หมูฮ้อง,"หมูสามชั้น,  พริกไทย,  กระเทียม,  รากผักชี,  อบเชย,  ดอกจันทร์,  ซีอิ้วขาว,  ซีอิ้วดำ,  น้ำตาลทราย,  น้ำตาลปี๊บ,  เกลือ, คนอร์",,"อยากกินอาหารทื่ทำมาจาก หมูสามชั้น,  พริกไทย,  กระเทียม, อบเชย อร่อยๆ",,
ผัดกะเพราเนื้อสับ,"เนื้อ,  ใบกะเพรา,  กระเทียม,  พริกขี้หนูสวน, น้ำปลา,  ซอสปรุงรส,  ซอสหอยนางรม,  น้ำตาล,  น้ำ",,"อยากกิน เนื้อ,  ใบกะเพรา,  กระเทียม,  พริกขี้หนูสวน,  น้ำ ไขมันน้อย ",,
แกงเขียวหวานตีนไก่,"ตีนไก่,  สะโพกไก่,  กระทิ, พริกแกงเขียวหวาน,  หน่อไม้,  พริกชี้ฟ้า,  ใบมะกรูด,  ใบโหระพา",,"มี ตีนไก่, กระทิ, พริกแกงเขียวหวาน, ทำเมนูอะไรได้บ้าง",,
ต้มยำปลาทู,"ปลาทู,  เครื่องต้มยำ, มะนาว,  มะเขือเทศ,  พริกชี้ฟ้า,  เกลือ,  ผงปรุงรส, น้ำปลา",,อยากกินอาหารที่ไขมันน้อย มีปลาทู กับเครื่องต้มยำ,,
ข้าวคลุกกะปิ,"กะปิ,  ข้าวสวย,  หมูสามชั้น,  น้ำตาล,  กระเทียม, สัปปะรด,  กุนเชียง,  ไข่ไก่,  ไข่เค็ม,  ปลาทู,  ถั่วฝักยาว,  หอมแดง,  พริกขี้หนู,  มะม่วง,  กุ้งแห้ง,  ผักชี,  ซีอิ้วดำ",,"มี กะปิ,  ข้าวสวย,  หมูสามชั้น,  น้ำตาล,  กระเทียม, สัปปะรด  ทำอะไรดีอยากกินอาหารที่มีโปรตีนสูง ช่วงนี้เล่นเวท",,
มาม่าผัดกะเพราหมูสับ,"มาม่า,  หมูสับ,  ใบกะเพรา,  คนอร์,  น้ำตาลทราย,  ซีอิ๊วดำ,  กระเทียม,  พริกแดง,  น้ำมัน, น้ำเปล่า",,"อยากจะกินเส้นมาม่าที่เหลืออยู๋ และใส่หมูสับ,  ใบกะเพรา ด้วย",,
ฉู่ฉี่ปลาทูสด,"ปลาทู,  พริกแกง,  กะทิ,  ใบมะกรูด,  พริกชี้ฟ้า,  น้ำปลา,  น้ำตาลปี๊บ,  คนอร์",,"อยากจะกินปลาทู ที่มีพริกแกง, กะทิ ทำอาหารอร่อยๆ รสชาติเผ็ด  ",,
มาม่าผัดต้มยำกุ้ง,"มาม่า,  เห็ดฟาง,  กุ้งสด,  พริกเผา,  ซอสหอยนางรม,  น้ำปลา,  น้ำตาลทราย,  ตะไคร้,  หอมแดง,  ข่าสับ,  ใบมะกรูด,  พริกแดง,  กระเทียม,  คนอร์,  มะนาว,  น้ำมันพืช",,"อยากจะใช้วัตถุดิบ มาม่า  เห็ดฟาง,  กุ้งสด,  พริกเผา, ตะไคร้,  หอมแดง, รสชาติจัดจ้าน กินแล้วตื่น กินแล้วชื่นใจ",,
โรลข้าวน้ำพริกกะปิ,"น้ำพริก,  ปลาทู,  แตงกวา,  แครอท,  ชะอม,  ไข่ไก่,  ข้าวสวย",,"อยากจะทำอาหารที่กินง่าย พกพาสะดวก มีน้ำพริก,  ปลาทู,  แตงกวา,  แครอท,  ข้าว ไขมันน้อย ",,
แกงส้มผักรวมเจ,"พริกแกงส้ม,  ถั่ว,  เห็ด,  น้ำตาลปี๊บ,  น้ำมะขามเปียก,  เกลือ,  ผงปรุงรส,  ถั่วฟักยาว,  หัวไชเท้า,  เห็ดนางฟ้า,  กวางตุ้ง,  ดอกแค,  น้ำเปล่า",,มีพริกแกงส้มเหลือในตู้เย็นเยอะมาก ทำอะไรได้บ้าง อยากให้มรแต่ผัก ไม่เอาเนิ้อสัตว์ ,,
ผัดไทยกุ้งสด หัวกุ้งทอดกรอบ,"เส้นหมี่,  กุ้ง,  กุยช่าย, หอมแดง,  พริกแห้ง,  กระเทียม,  น้ำมะขาม,  น้ำตาลทราย,  เต้าหู้ขาว, ถั่วงอก, น้ำปลา",,มีเส้นหมี่ กุ้ง กุยช่าย ถั่วงอก เต้าหู้  ,,
ขนมจีนน้ำยาไก่,"เนื้อไก่, กระทิ, ข่า, ตะไคร้, ใบมะกรูด,  ตีนไก่, ครึ่งโล, ลูกชิ้น,  พริกแกง,  เกลือ,  กระชาย,  เส้นขนมจีน",,"มีเส้นขนมจีน  ไก่, กระทิ, ข่า, ตะไคร้, ใบมะกรูด ทำอาหารอะไรได้บ้าง",,
ต้มยำกุ้งน้ำข้น,"กุ้ง,  ตะไคร้,  ใบมะกรูด,  ข่า,  เห็ดฟาง,  คนอร์,  นมจืด,  น้ำพริก, พริก,  เกลือ,  น้ำปลา,  น้ำตาล,  มะนาว",,"มีกุ้งตัวใหญ่ๆ,  ตะไคร้,  ใบมะกรูด, อยากกินอะไรแซ่บๆ",,
ข้าวผัดแกงเขียวหวาน,"เนื้อหมู,  ข้าวสวย,  น้ำพริกแกงเขียวหวาน,  มะเขือเปราะหั่น, มะเขือ,  ใบโหระพา,  พริกแดง,  กะทิ,  น้ำตาลปี๊บ,  น้ำปลา",,"อยากจะใช้ เนื้อหมู, น้ำพริกแกงเขียวหวาน, ใบโหระพา,  พริกแดง,  กะทิ ทำเมนูที่ไขมันน้อย ดีต่อสถุขภาพแต่รสชาติดีอร่อยถึงใจ ",,
ต้มยำปลากระป๋อง,"ปลากระป๋อง,  ตะไคร้,  ข่า,  ใบมะกรูด,  เห็ดนางฟ้า,  หอมแดง,  ผักชีฝรั่ง,  ผงปรุงรส,  พริกป่น,  พริกจินดา,  มะนาว",,อยากจะกินปลากระป๋อง และพอดีมีต้มยำ ตะไคร้ ใบมะกรูด ทำเมนูอะไรดี,,
ข้าวผัดน้ำพริกลงเรือสูตรโบราณแกล้มหมูกรอบทอดน้ำปลา,"หมูสามชั้น,  ปลาดุก,  พริกขี้หนู,  กะปิ,  น้ำตาลปีบ,  กระเทียม,  ถั่วฝัก,  ไข่เค็ม,  แครอทต้มสุก,  น้ำปลา,  ซอสหอยนางรม,  ซอสปรุงรส,  น้ำตาลทราย",,อยากจะกิน หมูสามชิ้นชื้นโตๆ มีปลาดุกฟู พริก กะปิ,,
แกงส้มผักรวม,"ผักสด,  ปลา,  พริกแห้ง,  หอมแดง,  กะปิ,  น้ำตาลปี๊บ,  น้ำปลา,  เกลือ,  น้ำมะขามเปียก",,อยากจะกิน แกง ที่มีผักเยอะๆ ใส่ปลาเพื่อเพิ่มความอร่อย และพริกแกงเพิ่มรสชาติ,,
ข้าวมันไก่เด็กหอ,"น่องไก่,  ข้าว,  กระเทียม,  ขิง,  พริกสด,  น้ำตาลทราย,  มะนาว,  ซอสปรุงรสสูตร, เต้าเจี้ยว,  คนอร์",,อยากจะกินเมนูอาหารที่มีไก่ ไก่นิ่มๆ พร้อมกับข้าว รสชาติเบาๆ แต่ถ้าอยากเพิ่มรสก็มีน้ำจิ้ม,,
แกงส้มปลาทูสด,"ปลาทู,  พริกแกง,  น้ำปลา,  น้ำตาล,  น้ำมะขามเปียก,  ผักบุ้ง",,อยากจะกิน แลาทูตัวใหญ่ๆ กับพริกแกงส้ม ,,
เครื่องในไก่ทอดกระเทียม,"ไก่,  พริกไทยขาว,  ผงปรุงรส,  แป้ง,  กระเทียม,  น้ำมันพืช",,มีเครื่องในไก่เหลือเอาไปทำอะไรดี,,
ข้าวกะเพราเนื้อไข่ดาว เมนูนี้ไม่มีเบื่อ,"ไข่ไก่,  เนื้อ,  ซอสหอยนางรม,  น้ำปลา,  น้ำตาล,  ใบกะเพรา,  กระเทียม,  พริก",,อยากกินอาหารเผ็ดๆ มีเนื้อ ไข่ ใบกะเพรา,,
"ผัดกะเพราโบราณ, ผัดกะเพราเนื้อสับ","เนื้อสับ,  พริกขี้หนู,  กระเทียมจีน,  ใบกะเพรา, ตามชอบ, ซอสปรุงรส,  น้ำปลา,  น้ำตาลทราย,  ซอสหอยนางรม,  น้ำดื่ม",,มีเนื้อสับ พริก ใบกะเพรา,,
แกงเทโพหมูสามชั้น,"หมู, พริกแกงใต้,  น้ำตาลมะพร้าว,  ใบมะกรูด,  มะขามเปียก,  น้ำปลา,  ผักบุ้ง,  น้ำมันพืช,  กะทิ",,มีหมูสามชั้นชิ้นใหญ่ และพริกแกงใต้ อยากกินอะไรที่เป็นแกงๆ ,,
แกงเลียงปลากรอบ,"ปลากรอบ,  น้ำเต้า,  บวบ,  ข้าวโพดอ่อน,  ใบแมงลัก,  พริกไทยเม็ด,  หอมแดง,  กุ้งแห้ง,  พริกขี้หนู,  กะปิ",,อยากกินแกง รสชาติเค็มพอดี มีรสเผ็ด ใช้พริกไทย และปลากรอบ,,
ปลากะพงทอดน้ำปลา,"ปลากระพง,  น้ำมัน,  น้ำปลา,  น้ำตาลปี๊บ,  น้ำเปล่า,  ถั่วลิสง, ใบผักชี",,อยากกินอะไรเค็มๆ รสชาติเด็กๆ มีปลา กับน้ำปลา ไขม้นน้อย,,
แกงบวดฟักทอง,"ฟักทอง,  น้ำตาลทราย,  กะทิ,  เกลือ, เล็กน้อย",,มีฟักทอง กะทิ อยากกินขนมหวานอร่อยๆ ,,
แกงส้มผักกระเฉด,"ผักกระเฉด,  กุ้งผ่า,  ปลากระป๋อง,  พริกสด,  หอมแดง,  กระชาย,  กระปิ,  เกลือป่น,  น้ำตาล,  น้ำปลา,  น้ำมะขามเปียก,  มะนาว",,มีผักกระเฉด  กับพริกแกง ปลากระบอก รสชาติอร่อยๆ รสชาติดี โปรตีนสูง,,
ก๋วยเตี๋ยวคั่วไก่,"เส้นใหญ่,  อกไก่,  เห็ดหูหนูขาว,  รากผักชี, กระเทียม, พริกไทย,  ไข่ไก่,  ซีอิ๊วขาว, ซีอิ๊วดำ, น้ำปลา, ซอสพริก,  ผักกาดหอม,  พริกเหลือง, น้ำส้มสายชู,  ไก่เชียง, หนังไก่",,อยากกินของคาว เส้นๆ มีไก่ ไข่  ยิ่งมีหนังไก่กรอบๆนิ่งอร่อย,,
แกงเขียวหวานสำเร็จรูป,"หมูสันใน,  ผงปรุงรส,  น้ำกะทิ,  ใบมะกรูด,  โหระพา,  พริกชี้ฟ้าแดง,  มะแว้งเขียว,  น้ำเปล่า",,มีหมูสั้นใน กับผงปรุงรสแกงเขียวหวาน ทำอาหารอะไรดี,,
แกงมัสมั่นไก่,"สะโพกไก่,  พริกแกง,  กะทิ,  ถั่วลิสงคั่ว,  มันฝรั่ง,  หอมใหญ่,  น้ำตาลมะพร้าว,  น้ำปลา,  น้ำมะขามเปียก,  อบเชย โป๊ยกั๊ก, ใบกระวาน,  เกลือ",,สะโพกไก่ พริกแกงมัสมั่น  กะทิ ทำอะไรกินได้บ้าง,,
ข้าวกะเพราไก่ไข่ดาว,"เนื้อไก่สับ,  ใบกะเพรา,  พริกแดงจินดา,  กระเทียม,  ซีอิ๊วดำ,  ซอสหอยนางรม,  น้ำปลา,  น้ำตาลทราย,  คนอร์,  ไข่ไก่,  น้ำมันพืช,  ข้าวสวย",,อยากกินอะไรง่ายๆ เนื้อไก่ ข้าว ใบกะเพรา ไข่ไก่,,
แกงส้มกุ้งสับปะรด,"กุ้ง,  สับปะรด,  เครื่องแกง,  กะปิ,  น้ำปลา,  เกลือ,  น้ำตาล,  น้ำมะขามเปียก,  มะนาว",,อยากกินแกงที่มีสัปปะรดกับกุ้ง,,
พะแนงเนื้อ,"วัว, พริกแกงพะแนง,  กะทิ,  มะเขือพวง,  ใบมะกรูด,  พริกแดง,  น้ำตาล,  เกลือ",,ช่วงนี้อยากกินอะไรเผ็ดๆ หวานเล็กน้อย เนื้อวัว กะทิ พริกแกง,,
แกงเขียวหวาน สันในหมู,"เครื่องแกง,  สันในหมู,  มะเขือเปราะ,  พริกชี้ฟ้า, โหระพา, นิดหน่อย, กะทิ,  ซอสหอยนางรม,  น้ำปลา,  น้ำตาล",,อยากกินแกงเขียวหวานอร่อยๆ ไขมันน้อย ทำจากสันในหมู ,,
ฉู่ฉี่ปลาทู,"ปลาทูสด,  กะทิ,  พริกแกง,  น้ำปลา,  น้ำตาลปี้บ,  ใบมะกรูด,  พริกแดง",,มีปลาทูดีๆ อยากมาทำอาหารอร่อยๆ มีกะทิ พริกแกงน่าจะดี,,
แกงเลียงกะทิสด,"กุ้ง,  หัวหอมแดง,  ข่า,  กระชาย,  กะปิ,  พริกไทย,  กุ้งแห้ง,  ฟักทอง,  ข้าวโพดอ่อน,  บวบ,  เห็ด,  ใบแมงลัก,  กะทิสด,  น้ำปลา",,กินแกง ใส่กุ้ง  กระชาย บวบ รสชาติดี อร่อยๆ,,
ปลาทอดขมิ้น,"ปลา,  กระเทียม,  ขมิ้น",,อยากกินปลาอร่อยๆ ใส่ขมิ้น หอมๆ,,
ฉู่ฉี่ปลานิล (สูตรคุณยาย),"ปลานิล,  พริกแกง,  ใบมะกรูด, ประมาณ,  น้ำปลา,  น้ำตาล,  ผงชูรส,  น้ำมันพืช",,มีปลานิลเหลือๆ มีพริกแกง ใบมะกรูด ทำอะไรดี,,
ต้มโคล้งปลากรอบ,"ปลา,  เห็ด,  ใบกระเพรา,  ผักชีฝรั่ง,  มะเขือเทศ,  หอมแดง,  ข่า,  ตะไคร้,  พริกแดง,  พริกแห้ง,  ใบมะกรูด,  มะนาว,  น้ำเปล่า,  น้ำปลา,  น้ำตาล,  เกลือ",,อยากกินต้มๆ ร้อนๆ มีปลาทิบทิม เห็ดฟางด้วย ,,
แกงส้มผักรวมปลากระพง,"ปลา,  พริกแกง,  มะละกอ,  หัวไชเท้า, ผักบุ้ง,  ถั่วฝักยาว, น้ำมะขามเปียก,  น้ำตาลมะพร้าว,  น้ำปลา,  เกลือ,  น้ำเปล่า",,มีแกงอร่อยๆ ใส่เนื้อปลา พริกแกงส้ม รสชาติจิ้ดๆ อร่อย ,,
น้ำตกเนื้อ,"เนื้อ,  น้ำปลา,  มะนาว,  พริกป่น,  ข้าวคั่ว,  หอมแดง,  ต้นหอม,  ผักชีฝรั่ง, ใบมะกรูดซอย,  พริกขี้หนู, ผงคนอร์",,อยากกินอาหารที่เป็นเครื่องเคียงกินกับส้มตำ ใส่ข้าวคั่ว เนื้อสันนอก ผักชีฝรั่ง อร่อยๆ เผ็ดถึง เค็มถึง,,
ขนมจีนน้ำยากะทิไก่ข้น (หลัวรักหลัวหลง),"อกไก่,  กะทิ,  น้ำปลา,  ปลาร้า,  พริกแห้ง, หอมแดง, กระเทียม, ตะไคร้, ใบมะกรูด, กระชาย",,กินเนื้ออกไก่ กะทิ น้ำปลา ปลาร้า  กินกับเส้นขนมจีนน่าจะดี,,
ขนมจีนแกงไตปลา,"ไต,  ข่า,  ตะไคร้,  ใบมะกรูด,  น้ำเปล่า,  พริกแกง,  เนื้อปลา,  หน่อไม้,  ฟักทอง,  ถั่วฟักยาว,  มะเขือเปราะ,  มะเขือพวง,  น้ำมะขามเปียก,  น้ำตาลปี๊บ,  ขนมจีน",,ในตู้เย็นมี ไตปลา ข่า ตะไคร้ มีถั่วต่างๆด้วย  อยากกินกับเส้นๆ,,
ต้มจืดมะระยัดไส้,"มะระ,  หมูสับ,  วุ้นเส้น,  พริกไทย,  ซอสหอยนางรม,  ผงปรุงรส,  ซุปก้อน,  น้ำเปล่า,  รากผักชี,  ผักชี,  เก๋ากี้,  เห็ดหอม",,อยากกินมะระ หวานลึกขมตาม คล่องคอ ,,
ผัดกะเพรากุ้ง,"กุ้ง,  พริกชี้ฟ้า,  ใบกะเพรา, น้ำตาลทราย,  น้ำปลา,  น้ำมัน",,มีใบกะเพรา กับกุ้ง ทำอะไรได้บ้าง,,
ข้าวกะเพราเนื้อสับ-ไข่ดาว,"วัว,  พริกแดง,  กระเทียม,  น้ำปลา,  ซีอิ๊วขาว,  น้ำตาลทราย,  ใบกะเพรา,  น้ำมัน",,อยากกินกะเพราอร่อยๆ ทำมาจากเนื้อ รสชาติเผ็ดถึงใจ,,
ข้าวขาหมู,"ขาหมู,  โป๊ยกั๊ก,  อบเชย,  กระเทียม,  รากผักชี,  พริกไทยดำ,  เห็ดหอม,  ผงพะโล้,  ซีอิ๋วดำ,  ซีอิ๋วขาว,  ซอสปรุง,  น้ำตาบปี๊บ,  น้ำ",,อยากกินขาหมู รสถึงเครื่อง,,
น้ำจิ้มปลาเผา (มะขาม),"มะขาม,  น้ำตาลปิ้บ,  น้ำเปล่า,  พริกขี้หนู,  หอมแดง",,มีมะขาม น้ำตาบปิ้ป น้ำปบา พริก หอมแดง ทำน้ำจิ้มอะไรได้บ้าง,,
แกงส้มผักรวมน้ำข้น,"น้ำ,  หัวไชเท้า,  แครอท,  ถั่วฝักยาว,  ปลา,  คนอร์,  น้ำมะขามเปียก, น้ำตาลทราย,  น้ำปลา",,มี พริิกแกงส้มเหบือ กับผักต่างๆ เช่น แครอท หัวไชเท้า ทำเมนูอะไรดี ,,
แกงส้มปลาทู (แกงส้มใต้),"ปลาทู,  มะละกอ,  ผักบุ้งไทย,  น้ำมะขามเปียก,  น้ำตาลทราย,  น้ำสะอาด,  พริกแกง,  กะปิ,  มะนาว",,อยากกินแกง ที่มีปลาทูตัวใหญ่ๆ ใส่มะละกอกับผักบุ้ง,,
ขนมจีนน้ำยาปลาช่อน X ตีนไก่+ลูกชิ้นปลา,"ขนมจีน,  ปลาช่อน,  กะทิ,  พริกแกง,  กระชายซอย,  ปลาเค็ม,  กะปิ,  น้ำปลา,  ผัก,  ผักกาดดอง,  ใบแมงลัก,  พริกแห้ง",,อยากกินขนมจีนอร่อยๆ น้ำยาทำมาจากปลา ใส่กะทิ ผู้ใหญ่กินได้ เด็กกินดี,,
เส้นใหญ่ผัดซีอิ๊วไก่,"เส้นใหญ่,  ไก่,  ไข่ไก่,  คะน้า,  กระเทียม,  ซีอิ๊วดำ,  น้ำปลา,  ซอสปรุงรส,  ซีอิ๊วขาว,  น้ำมันพืช,  มะนาว, พริกไทย",,อยากกินอะไรง่ายๆ ทำมาจากเส้นใหญ่ที่เหลืออยู่ ใส่ไก่ ใส่ไข่,,
ยำวุ้นเส้นเครื่องล้น,"วุ้นเส้น,  หมูสับ,  เห็ดเข็มทอง,  หอมแขก, ขึ้นช่าย,  แครอท, ผักกาดขาว,  น้ำปลา,  น้ำมะนาว,  น้ำตาล,  พริกป่น",,อยากกินอะไรแซ่บๆ รสชาติเปรี้ยวถึง เผ็ดถึง ใส่วุ้นเส้น หมูสับ ผักกาด เห็ด,,
ต้มยำปลาคัง,"ปลา,  ตะไคร้,  ใบมะกรูด,  ข่า,  ต้นหอม,  ผักชีฝรั่ง,  ผักชี,  น้ำปลา,  น้ำมะนาว,  พริกขี้หนู,  หอมแดง,  ซีอิ๋วขาว,  น้ำเปล่า,  มะเขือเทศ,  คนอร์,  กระเทียม",,มีเนื้อปลาคัง พริก ตะไคร้ ใบมะกรูด เหลือในตู้เย็น ทำอะไรได้บ้าง,,
ไก่ผัดขิง,"เนื่อไก่,  ขิง,  เห็ดหูหนู,  ต้นหอม,  หัวหอม,  กระเทียม,  พริกชี้ฟ้า",,อยากเอา ขิง ไก่ เห็ด มาทำอาหารที่ไขมันน้อย,,
น้ำพริกกะปิกุ้งแห้ง,"กะปิ,  กุ้งแห้ง,  พริกขี้หนูสวน,  กระเทียมไทย,  น้ำปลา, น้ำตาลปี๊บ, น้ำมะนาว, น้ำเปล่า,  ใบตอง,  มะเขือพวง",,อยากกินน้ำพริกเผ็ดๆ รสชาติถึงใจ ใส่กระเทียมเยอะๆ,,
น้ำพริกกะปิปลาทู,"กะปิ, น้ำตาลปี๊บ, มะนาว, กระเทียม, พริกขี้หนู, ปลาทู, น้ำต้มสุก",,อยากกินน้ำพริก กะปิ ปลาทู,,
ยำไข่ดาว,"ไข่ไก่, พริกขี้หนู,  มะเขือเทศ,  หอมใหญ่,  ต้นหอม,  น้ำมะนาว,  น้ำกระเทียมดอง,  น้ำปลา,  น้ำตาลทราย",,มีไข่ แต่อยากกินอะไรแซ่บๆ ไขมันน้อย ใส่พริก มะเขือเทศ,,
แกงส้มไหลบัวปลากระพงปักษ์ใต้,"ไหลบัว,  พริกป่น,  กะปิ,  เกลือ,  ปลากระพง,  มะนาว,  พริกไทย",,มีไหลบัวจากป้าข้างบ้าน และมีพริกแกง ปลาทูที่เหลือไว้ ทำอะไรกินได้บ้าง,,
ข้าวต้มหมูทรงเครื่อง,"ข้าวสวย,  หมู,  คนอร์,  น้ำเปล่า,  ขิง,  กระเทียม,  กุ้งแห้ง,  ปลาหมึก,  คื่นช่าย,  พริกไทย,  เกลือ",,อยากกินอาหารคล่องๆคอ กินง่าย คนป่วยชอบ มี ข้าว ขิง น้ำ หมู ไขมันน้อยๆ,,
ต้มยำกุ้งแม่น้ำ (น้ำข้น),"กุ้ง,  เม็ดฟาง,  ข่า,  ตะไคร้,  ใบมะกรูด,  มะนาว,  พริก,  น้ำปลา,  น้ำตาล,  นมสด",,ได้กุ้งตัวใหญ่จากพม่า  มีขิง ข่า ตะไคร้ ใบมะกรูด ทำอะไรกินได้บ้าง ,,
ผัดเผ็ดไก่มะเขือเปาะ,"อกไก่,  ตับไก่,  มะเขือ,  โหระพา,  ใบมะกรูด,  พริกแกงเผ็ด,  กะทิ,  น้ำตาลปึก,  น้ำปลา",,อยากกินผัดๆอะไรก็ได้ที่ใส่ ไก่ และมะเขือเปาะ พอดีคุณย่าแถวบ้านเอามาให้ ,,
แกงส้มฟักแม้วกุ้งสด,"ฟัก,  ปลา,  พริกแกง,  น้ำมะขามเปียก,  น้ำปลา,  น้ำตาลปีบ,  กุ้ง,  เกลือป่น",,มีพริกแกงส้มที่เหลือ กับปลานิล กุ้ง ทำอะไรได้บ้าง,,
แกงเขียวหวานหน่อไม้ไก่,"สะโพกไก่,  พริกแกงเขียวหวาน,  กะทิ,  ใบโหระพา,  หน่อไม้ดอง,  น้ำปลา, น้ำตาล",,อยากกินแกงเขียวหวาน ใส่ไก่เยอะมาก ,,
ขนมจีนน้ำยา สูตรเด็ด,"ปลา,  กะทิ,  ลูกชิ้นปลา, กระชาย,  กะปิ,  น้ำปลา,  พริกแกง,  คนอร์,  น้ำตาลปี๊บ",,อยากกินขนมจีนสูตรเด็ดๆ,,
ข้าวผัดต้มยำกุ้ง,"ข้าวสวย,  กุ้ง,  ข่า,  ตะไคร้,  ใบมะกรูด,  หอมแดง  มะเขือเทศ,  น้ำมะนาว,  พริกแดงซอย,  เห็ดฟาง, ตามชอบ, กระเทียม,  น้ำพริกเผา,  น้ำปลา,  น้ำตาลทราย,  น้ำมันพืช,  ต้นหอมซอย",,มีข้าวเย็น กุ้ง ตะไคร้ ใบมะกรูด พริกเผา เหลือไว้ทำอะไรได้บ้าง,,
แกงส้มชะอมไข่ใส่ปลาทู,"ชะอม,  ไข่ไก่,  ผักกาดขาว,  หัวไช,  พริกแกงส้ม,  น้ำมะขามเปียก,  น้ำตาลปีบ,  น้ำปลา,  น้ำมัน,  ปลาทู",,อยากกิน ไข่ ปลาทู และมีพริกแกงด้วย ทำเมนูอะไรดี ,,
แกงส้มใต้มันขี้หนู,"มัน,  ปลาทู,  น้ำพริก,  น้ำเปล่า,  น้ำปลา,  น้ำตาลปี๊บ,  น้ำมะขามเปียก,  ส้มแขก,  น้ำมะนาว, กะปิ",,มีมันขี้หนู​ปลาทู และพริกแกง ทำเมนูอะไรดี,,
สูตร แกงเลียง ระดับเทพ อร่อยกว่าร้านดังแน่นอน,"ผักหวาน,  กวางตุ้ง,  ชะอม,  ใบแมงลัก,  บวบ,  ฟักทอง, เห็ด,  กุ้ง, กระดูกหมู,  พริก,  กระชาย,  หอมแดง,  กระปิ,  พริกไทยขาว,  ปลาทู,  น้ำปลา",,ได้ผักมาหลากหลายชนิดมาก ทั้ง กวางตั้ง ชะอม บวบ ฟักทอง เห็ด แถมมีกะปิ กับปลาทูอีก อยากกินอาการที่ไขมันน้อย ทำอะไรกินดี,,
ขนมจีนน้ำยากะทิไก่ไม่เผ็ดสำหรับเด็ก,"เนื้อไก่,  กะทิ,  น้ำสต็อกไก่,  เลือดไก่,  น้ำปลา,  น้ำตาลปี๊บ,  ต้นหอมหั่น,  ใบมะกรูด,  น้ำมันพืช,  เส้นขนมจีน, ผัก, ไข่ต้ม",,มีเส้นขนมจีน กับไก่เหลืออยู่ ทำอเมนูอะไรดี,,
ยำปลากระป๋องทอดกร๊อบกรอบ,"ปลากระป๋อง,  มะนาว,  น้ำปลา,  ต้นหอม,  พริกขี้หนู,  แครอท,  ขึ้นฉ่าย,  น้ำตาลทราย,  ไข่ไก่,  เกล็ดขนมปัง,  แป้งเอนกประสงค์,  น้ำมัน",,อยากจะกินอาหารที่ใส่ปลากระป๋องเยอะๆ รสชาติเปรี้ยว ใส่พริกด้วยยิ่งดี ,,
แกงส้มดอกแคเนื้อปลานินทอดกรอบ,"พริกแกง,  น้ำเปล่า,  น้ำมะขามเปียก,  น้ำตาลปี้ป,  ดอกแค,  น้ำปลา,  ปลา",,มีพริกแกงส้มเหลืออยู่ กับดอกแค น้ำมะขามเปียก ทำอะไรกินดี ,,
ผัดเผ็ดปลาดุกพริกสด,"ปลาดุก,  มะเขือ,  ใบมะกรูด,  กระชาย,  พริกไทย,  ซอสปรุงรส,  น้ำมันหอย,  ผงปรุงรส,  กระเทียม,  พริกขี้หนู",,วันนี้ตกปลาดุกมาได้ อยากกินคู่กัยมะเขือ และผงปรุงรสให้มันอร่อยๆ,,
แกงส้มไข่ปลาเรียวเซียว,"ยอดมะพร้าว,  ไข่ปลา,  ปลา,  น้ำสต็อก,  พริกแกงส้ม,  ข่า, ตะไคร้, ใบมะกรูด,  น้ำปลา,  น้ำตาลปี๊บ,  มะขามเปียก",,อยากกินเมนูที่ใส่ไข่ปลาเรียวเซียว อร่อยๆ เป็นเมนูแกงๆยิ่งดี,,
หอยทอด(ทะเลทอด),"แป้งทอด,  กุ้ง,  หมึก,  หอย,  น้ำ,  นมสด,  ไข่ไก่,  ถั่วงอก, พริกไทย, ซีอิ้ว,  น้ำปลา,  น้ำตาล,  ต้นหอม",,อยากกินหอยทอด กรอบๆ,,
เส้นหมี่ผัดซีอิ๊วหมูนุ่ม,"เส้นหมี่,  หมู,  กระเทียม,  น้ำมันพืช,  ซีอิ๊วดำ,  ซีอิ๊วขาว,  น้ำปลา,  น้ำตาลทราย,  ผักคะน้า,  ไข่ไก่",,มีเส้นหมี่ กับหมูนุ่ม กระเทียม ซีอิ้ว ไข่ ทำเมนุอะไรได้บ้าง,,
แกงเผ็ดเป็ดย่าง,"เป็ด,  มะเขือเทศ,  สับปะรด,  มะเขือ,  ใบโหระพา,  พริกแกง,  กะทิ,  น้ำตาลปิ้บ,  น้ำปลา",,อยากกินเป็ดใส่สัปปะรดเพื่อความนุ่มน่าจะดี มีมะเขือเทศเพื่อเพิ่มสีสัน ไขมันน้อย กินอร่อยๆ,,
ต้มยำกุ้งมะพร้าวอ่อน,"พริก,  ตะไคร้, ใบมะกรูด, ข่า, ผักชีฝรั่ง, เห็ดนางฟ้า,  เห็ด,  เนื้อมะพร้าวอ่อน,  น้ำมะพร้าว,  กุ้ง,  น้ำตาลทราย,  น้ำปลา,  น้ำมะนาว,  กะทิ,  น้ำพริกเผา,  มันกุ้ง",,มีมะพร่าวอ่อน กับเนื้อมะพร้าว ทำเมนูแซ่บๆ รสชาติจัดจ้านถึงเครื่อง ใส่เห็ดเยอะๆ,,
หมูทอดกระเทียม,"หมูสันนอก,  รากผักชี, กระเทียม, พริกไทย,  ผงปรุงรส,  แป้งข้าวโพด,  น้ำมัน, กระเทียม",,อยากกินเมนูรสชาติทานง่าย ใชิ้ หมู กระเทียม,,
หน่อไม้ผัดพริกแกงหมูสับ,"หน่อไม้ต้ม,  น้ำพริก,  หมู,  ใบมะกรูด,  พริกไทย,  พริกชี้ฟ้า,  น้ำตาลทราย,  น้ำปลา",,อยากกิน หน่อไม้ ใส่พริกแกง ปรุงรสให้มันอร่อยๆ,,
ขนมจีนน้ำพริก,"กะทิ,  ไตปลา,  กุ้ง, พริกแกง, หอม,  กระเทียม,  ถั่ว,  มะขามเปียก, น้ำตาลปี๊บ,  ผักชี",,อยากกินอาหารที่ใช้ กะทิ แกงไตปลา พริกแกง หอมเจียว ทำเมนูอะไรได้บ้าง,,
ฉู่ฉี่ปลาหมอ,"ปลาหมอ,  พริกแกง,  กระชาย,  ใบมะกรูด,  กะทิ,  คะไคร้,  ข่า,  ใบมะกรูด,  พริกขี้หนูสวน",,ได้ปลาหมอตัวใหญ่มา แล้วมีพริกแกงเหลืออยู๋ กับข่า ทำอะไรกิน,,
แกงเทโพใส่หมูสามชั้น,"หมูสามชั้น,  ผักบุ้งไทย,  หัวกะทิ,  หางกะทิ,  น้ำมะขามเปียก,  น้ำตาลปี๊บ,  น้ำปลา,  มะกรูด,  เกลือ,  ใบมะกรูด,  ผงปรุงรสคนอร์,  น้ำพริก",,ได้หมูสามชั้นมา อยากกินกับกะทิและผักบุ้ง ใส่คนอร์เพิ่มความนัว,,
ขนมจีนน้ำยาป่าปลาดุกย่าง,"ปลา,  กระเทียม,  หอมแดง,  กระชาย,  ตะไคร้,  ใบมะกรูด​,  พริกแห้ง,  ขนมจีน,  น้ำเปล่า,  เกลือ",,มีปลาได้มา อยากกินกับขนมจีน กระชาย ไขมันน้อย,,
ผัดเปรี้ยวหวานไก่กรอบ,"ไก่,  แป้งอเนกประสงค์,  หอมใหญ่,  มะเขือเทศ,  พริกหวาน,  แตง,  เห็ดหอม, ต้นหอม,  กระเทียม,  น้ำตาลทราย,  ซอสปรุงรส,  ซอสมะเขือเทศ,  น้ำส้มสายชู",,ได้สันไนไก่มา อยากทำอาหารที่กินง่ายๆ รสชาติหวาน อร่อย ใช้แป้ง พริกหวาน,,
บะหมี่ผัดเย็นตาโฟแห้ง,"บะหมี่,  ลูกชิ้นปลา, ลูกชิ้นกุ้ง, ฮื่อก๊วย, เกี๊ยวปลา, ปลาหมึกกรอบ, ผักบุ้งไทย, ซอสเย็นตาโฟ,  พริกแดง,  กระเทียม,  ซอสหอยนางรม,  น้ำตาล,  ซีอิ๊วขาว,  น้ำส้มสายชู,  น้ำมัน",,อยากกินเมนูเส้นๆ มีลูกชิ้นต่างๆ รสชาติ เปรี้ยวๆ หวานๆ ทำอะไรกินดี,,
แกงเขียวหวานไก่ใส่หน่อไม้,"ไก่,  เลือดไก่,  มะเขือเปราะ,  หน่อไม้,  โหระพา,  พริกแกงเขียวหวาน,  กะทิ,  น้ำตาลปี๊บ,  ผงปรุงรส,  น้ำปลา,  มะเขือพวง",,อยากกินแกงเขียวหวานไก่สับ รสชาติดี,,
"“ผัดใบมะกอก""","พริกแห้ง,  หอมแดง,  กระเทียม,  ข่า,  ใบมะกอก,  หมูสับ,  น้ำปลา,  น้ำตาลปี๊บ,  น้ำมัน,  น้ำ",,มี กระเทียม  ข่า ใบมะกอก หมูสับเยอะมาก ทำอะไรกินดี,,
ยำสามกรอบ ,"หมูแผ่น, หนังไก่กรอบ, เมล็ดมะม่วงหิมพานต์, หัวหอม, ขึ้นฉ่าย, พริกขี้หนู, น้ำปลา, มะนาว, น้ำเชื่อม, น้ำเปล่า",,อยากกินอะไรกรอบๆ ที่บ้านมี หมูแผ่น  หนังไก่กรอบ เมล็ดมะม่วงหิมพานต์ หัวหอม ทำอะไรได้บ้าง,,
Black Orange coffee กาแฟส้ม,"กาแฟเข้มข้น, ไซรัปรสส้ม, น้ำเชื่อม, น้ำเปล่า, น้ำแข็ง",,อยากกินกาแฟ รสชาติที่แตกต่างไปจากเดิม,,
กระดูกหมูนึ่งเต้าเจี้ยว,"กระดูกหมู, เต้าเจี้ยว, แป้งข้าวโพด, ซีอิ้วขาว, น้ำตาลทราย, เกลือ, น้ำมัน",,อยากใช้กระดูกหมุและเต้าเจี้ยวให้หมด ทำเมนูอะไรดี,,
กระเพาะปลา,"โครงไก่, น้ำเปล่า, น้ำตาลกรวด, เกลือ, เก๋ากี้, กระเทียม, รากผักชี, พริกไทย, กระเพาะปลาแห้ง, หน่อไม้, เห็ดหอม, เลือดไก่, ไก่, น้ำมันหอย, ซีอิ๊วขาว, จิ๊กโฉ่ว, แป้งมัน",,อยากกินอาหารเหมือนอยู่ในภัตตาคาร ใช้โครงไก่ทำน้ำซุป และพอดีมีกระเพาะปลาแป้ง หน่อไม้ เห็ด ไก่ ทำอะไรดี,,
กล้วยน้ำว้าอบ หวานจากธรรมชาติ,กล้วย,,อยากเอากล้วยมาทำขนม,,
กล้วยน้ำว้าอบงาขาว,"กล้วย, งาขาว",,อยากใช้ งาขาว กับ กล้วยมาทำขนใรสชาติดี เป็นของหวาน,,
กล้วยบวชชี,"กล้วยน้ำว้า, หัวกะทิ, หางกะทิ, ใบเตย, น้ำตาลปี๊บ, น้ำตาลทรายขาว, เกลือ, แป้งมัน",,อยากกินขนมไทย ทำจากกล้วยและกะทิ ,,
กล้วยอบเนยไมโครเวฟ,"กล้วยน้ำว้า, น้ำเชื่อม, เนยจืด, งาขาว",,ขนมทำเองง่ายๆ มช้ไมโครเวฟ ทำมาจาก กลัวย เนย,,
ก๋วยเตี๋ยวคั่วไก่ แบบง่าย แต่อร่อย,"เส้นใหญ่, ไข่ไก่, ซีอิ๊วขาว, น้ำตาล, เกลือ, ต้นหอม ผักชี, น้ำมัน, อกไก่, น้ำตาลทราย, แป้งมัน, พริกไทย",,อยากกินเมนุเส้นๆ ทำมาจากเส้นใหญ่ๆ ใส่ ไก่ ใส่ไข่เยิะๆ,,
ก๋วยเตี๋ยวคั่วไก่ สูตรคลีน,"เนื้อไก่, น้ำตาลทราย, พริกไทย, ซีอิ๊ว, แครอท, ไข่ไก่, ซีอิ๊วขาว , ซอสหอยนางรม, น้ำมันพืช, ต้นหอม, พริกไทย",,อยากทำอาหารที่ดีต่อสุขภาพเหมาะกับคนคลีนๆ ใช้ไก่เยอะๆ และน้ำตาลทรายไม่ขัดสี มีเส้นใหญ่,,
ก๋วยเตี๋ยวเนื้อสับ,"เนื้อบด,  หัวหอม,  มะเขือเทศ,  ผงกะหรี่,  น้ำซุป,  ซีอิ๊วขาว,  น้ำมันหอย,  น้ำตาล,  เส้นใหญ่,  กระเทียม",,มีเนื้อ หอมหัวใหญ่ ผงกะหรี่ น้ำตาล กระเทียม ทำเมนูอะไรดี,,
ก๋วยเตี๋ยวลุยสวน,"เนื้อไก่,  แครอท,  เห็ดหอม  ใบเมี่ยงญวณ,  ซอสหอยนางรม,  ซีอิ๊วขาว,  ผัก",,มีเนื้อไก่ แครอท เห็ด ที่สับไว้หมดแล้ว ทำเมนุอะไรกินดี ที่ดีต่อสุขภาพ ไขมันน้อย,,
ก๋วยเตี๋ยวหลอดทรงเครื่อง,"เส้นใหญ่, หมูสามชั้น, เต้าหู้ขาว, เห็ดหอม, กุ้งแห้ง, รากผักชี, ผงพะโล้, พริกไทยป่น, ซีอิ๊วดำหวาน, เกลือ, น้ำตาลปี๊บ, น้ำเปล่า, กระเทียมเจียว, ต้นหอม, ถั่วงอก, พริกแดง, น้ำส้มสายชู, ซีอิ๊วขาว, น้ำเชื่อม",,มีวัตถุดิบเยอะมาก มี หมูสามชั้น เต้าหู้ขาว เห็ดหอม กุ้งแกง รากผักชีต่างๆ อยากกินเป็นเมนูเส้นๆ,,
กะเพราไก่เด็กน้อย👨‍🍳,"ไก่บด, กะเพรา, กระเทียมตำ, พริกขี้หนู, น้ำมันหอย, แมกกี้, น้ำปลา, น้ำตาล, น้ำมัน, ซีอิ๊วดำ",,เมนูที่ใครๆก็กินได้ มี กะเพราะ ไก่ พริกเล็กน้อย,,
กะเพราเต้าหู้ ,"เต้าหู้, พริกขี้หนู, น้ำมัน, น้ำตาลทราย, ซีอิ๊วดำ, น้ำเปล่า",,กะเพราที่คนเป็นเจก็กินได้ ทำมาจากเต้าหุ้ รสชาติเป็ด เค็ม ถึงใจ,,
กาแฟชาเขียวเย็น,"ชาเขียว, น้ำตาล, น้ำร้อน, นมสด, กาแฟ, น้ำแข็ง",,อยากกินเครื่องดื่มอร่อยๆ มีความแปลก มีการใช้ชาเขียว และกาแฟ เข้าด้วยกัน,,
กาแฟดำน้ำผึ้งมะนาว (Honey Lime Black Coffee),"กาแฟ, น้ำผึ้ง, น้ำมะนาว, น้ำแข็ง, น้ำร้อน",,อยากกินกาแฟที่ช่วยทำให้ชุ่มคอ มี น้ำผึ้ง มะนาว,,
กุ้งกระเบื้องสาหร่าย,"แผ่นเปาะเปี๊ยะ, สาหร่าย, กุ้ง, รากผักชี, กระเทียม, พริกไทย, แป้งมัน, ไข่ขาว, ซอสหอยนางรม, น้ำตาลทราย, ต้นหอม",,มีแผ่นเป๊าะเปี้ยเหลือไว้ กับ กุ้ง สาหร่าย ไข่ สามารถทำอะไรกินได้บ้าง,,
กุ้งทอดกระเทียม (สูตรมันกุ้ง),"กุ้ง,  กระเทียม,  น้ำมันพืช,  แป้งทอดกรอบ,  ซอสถั่วเหลือง,  น้ำมันหอย,  น้ำปลา,  พริกไทย,  เกลือ",,มีกุ้ง อยากกินให้มันกรอบๆ อร่อยๆ ใช้แป้งทอดกรอบ ทำเมนูอะไรดี ,,
กุ้งผัดผงกะหรี่,"กุ้ง, ผงกะหรี่, น้ำพริกเผา, ไข่ไก่, นด, ซีอิ้วขาว, น้ำปลา, น้ำตาล, ซอสหอยนางรม, พริกไทย, กระเทียม, หัวหอม, คึ่นช่าย, ต้นหอม, พริก",,อยากกินกุ้งผัดผงกะหรี่อร่อยๆ กุ้งตัวใหญ่ๆ,,
กุ้งผัดพริกเกลือ,"กุ้ง, พริกขี้หนู, กระเทียม, รากผักชี, พริกไทย, ต้นหอม, ซอสหอยนางรม, ซีอิ๊วขาว, เกลือ, น้ำตาลทราย, น้ำมัน",,มีกุ้งตัวใหญ่ๆ อยากกินกับเกลือ กระเทียม รสชาติ เผ็ด เค็ม กลมกล่อม,,
กุ้งฝอยทอด,"กุ้ง, แป้งข้าวเจ้า, แป้งสาลีอเนกประสงค์, เกลือ, ไข่แดง, น้ำพริก, น้ำตาลทราย, น้ำปูนใส, ใบมะกรูด, น้ำมันน้ำตาลทราย, น้ำส้มสายชู, เกลือ, พริกชี้ฟ้าแดง, หอมแดง, ขิง, ผักชี",,อยากกินกุ้งฟอย,,
กุ้งอบวุ้นเส้น,"กุ้ง, วุ้นเส้น, น้ำตาลทราย, ซีอิ๊วดำ, ซอสหอยนางรม, ซีอิ๊วขาว, น้ำซุป, เบคอน",,มี วุ้นเส้น กุ้ง น้ำตาล วอสหอย ซิอิ๊ว น้ำซุป เบคอน ขิง กระเทียม ทำอะรไได้บ้าง,,
เกี๊ยวกุ้งทอดยักษ์,"รากผักชี, กระเทียม, เม็ดพริกไทยขาว, เกลือ¼ ช้อนชา, ซีอิ๊วขาว, น้ำมันงา, เนื้อกุ้ง, แป้งข้าวโพด, ปลาหมึก, แป้งเปาะเปี๊ยะ, น้ำจิ้มบ๊วย, ซอสมะเขือเทศ, แป้งสาลีอเนกประสงค์, น้ำมันรำข้าว",,อยากกินอาหารอร่อยๆ โดยใช้ แป้งเป๊าะเปี้ย กุ้ง เม็ดพริกไทย กระเทียม ,,
เกี๊ยวน้ำสูตร มัดใจสามี,"แผ่นเกี๊ยว, หมูบด, รากผักชี, กระเทียม, พริกไทยเม็ด, ซอสหอยนางรม, ซีอิ๊วขาว, ซอสปรุงรสฝาเขียว, น้ำมันงา, น้ำเปล่าสำหรับต้มเกี๊ยว, น้ำมันงา, น้ำเปล่า, รสดีซุปก้อน, รากผักชี, กระเทียม, พริกไทย, ซอสปรุงรสฝาเขียว, น้ำตาลทราย, พริกไทย, คื่นฉ่าย",,อยากทำเมนูพิชิจใจสามี มีแผ่นเกี้ยว หมูบด ซุปก้อน และเครื่องแรุงต่างๆ ทำเมนูอะไรดี,,
แกงกะทิสายบัวปลาทูนึ่ง,"สายบัว, ปลาทู, น้ำตาล, หัวกระทิ, หางกะทิ, หอมแดง, พริกไทย, กะปิ, เกลือ, น้ำมะขามเปียก",,อยากใช้กะทิให้หมดๆ และพอดีได้สายบัวมา จะสามารถนำพวกนี้ไปประกอบอาหารอะไรบ้าง,,
แกงกะหรี่ญี่ปุ่น,"มันฝรั่ง, แครอท, หอมหัวใหญ่, แกงกะหรี่, น้ำตาลทราย, โชยุ, ซุปก้อน, กระเทียม, เนยจืด, เกลือ, พริกไทย, นมจืด, เนื้อหมู",,อยากกินแกงหะหรี่อร่อยๆ ใส่ มันฝรั่ง แครอท หอมหัวใหญ่เพิ่มความหวาน,,
แกงไก่ยอดมะพร้าวอ่อน,"ไก่,  กะทิ,  พริกแกง,  น้ำตาลปี๊บ,  คนอร์,  พริกชี้ฟ้า,  ใบโหระพา,  น้ำเปล่า,  ยอดมะพร้าวอ่อน",,อยากใช้ไก่ทุกส่วย โดยมีพริกแกงและเครื่อปรุงวัตถุดิบทั่วไปอยู่อล้ว,,
แกงไก่เส้นร้อน(วุ้นเส้น) ,"ไก่, วุ้นเส้น, หัวหอม, ตะไคร้, พริกขี้หนู, เกลือ, น้ำปลา, ใบมะกรูด, ใบแมงลัก, ต้นหอม, น้ำเปล่า, ตะไคร้",,แกงไก่อร่อยๆ ใส่วุ้นเส้น หั่นหอมละเอียด ตามใจชอบ สามารถทำเมนุอะไรได้บ้างคะ,,
แกงขี้เหล็กปลาย่าง,"หางกะทิ,  หัวกะทิ,  ปลา,  กะปิ,  ตะไคร้,  หัวหอมแดง,  กระเทียม,  พริกไทย,  ขมิ้น,  เกลือเม็ด,  ผงปรุงรส,  ใบขี้เหล็ก,  พริกสด",,มีทั้งหางและหัวกะทิ เนื้อปลา และใบขี้เหล็ก และกะทิ ทำอะไรกินได้บ้าง,,
แกงเขียวหวานเนื้อพริกขี้หนู,"เนื้อวัว,  พริกแกง,  กะทิ,  น้ำปลา,  น้ำตาล,  มะเขือเปราะ,  มะเขือพวง,  ใบโหระพา,  พริกขี้หนู,  ใบมะกรูด",, อยากกินแกงเขียวหวานอร่อยๆ ใช้เนื้อ น้ำตาลตะโหนด,,
แกงเขียวหวานลูกชิ้นปลากราย,"ลูกชิ้นปลากราย,  พริกแกงเขียวหวาน,  กะทิ,  มะเขือเปาะ,  กระชาย,  โหระพา,  พริกชี้ฟ้า,  ใบมะกรูด,  น้ำตาล,  น้ำปลา,  น้ำตาลทราย",,ได้ลูกชิ้นปลากรายชื่อกังอยากเามาทำแกงเขียวหวานทำเมนูอะไรดี,,
แกงคั่วเห็ดเผาะใส่หน่อไม้ดอง,"เห็ด,  หน่อไม้,  ชะอม, หัวกะทิ,  พริกแกง",,ได้เห็ดเผาะสด หน่อไม้ดอง ชะอมและชะพลู ทำอะไรกินได้ดี อยากได้ที่ไขมันน้อย,,
แกงจืดไข่น้ำหมูสับ,"หมูสับ, พริกไทยป่น, ซอสเห็ดหอม, ซีอิ๊วขาว, น้ำปลา, ไข่ไก่, น้ำปลา, น้ำมัน, รากผักชี, ผักกาดขาว, กระเทียม, พริกไทย, ซีอิ๊วขาว, น้ำปลา, เกลือป่นหยาบ, น้ำเปล่า, ต้นหอม, ผักชี, กระเทียมเจียว",,อาหารง่ายๆ เด็กกินได้ ผู้ใหญ่กินดี ใช้หมูสับ ไข่ ผักกาด ผักชี และเครื่องปรุงต่างๆ,,
แกงจืดไข่ม้วนไส้ผักกาดขาวหมูสับ,"ไข่ไก่,  หมูสับ,  ต้นหอมซอย,  ต้นหอม,  แครอท,  ผักกาดขาว,  ผักกาดหอม,  ผักชี, คนอร์,  ซีอิ๊วขาว,  น้ำเปล่า",,อาหารง่ายๆ คนป่วยดินได้ เด็กกินดี อยากจะทำเป็นแกงจืดใส่ไข่ หมูสับ แครอท ผักกาด คาร์บน้อย,,
แกงจืดผักกาดขาวเต้าหู้หมูสับ,"หมูสับ,  เต้าหู้ไข่ ,  ผักกาดขาว,  คนอร์",,อยากทำอาหารง่ายๆ ใส่เต้าหู้ ใส่ผักกาด หมูสับเพื่อให้รสชาติมันถั่วถึง ,,
แกงจืดหัวไชโป๊วหวาน,"หัวไชโป๊ว,  กระดูกหมู,  น้ำเปล่า,  กระเทียม,  รากผักชี,  พริกไทย,  พริกไทย,  เกลือ,  คนอร์",,อยากกินอาหารที่ทำมาจาากหัวไชโป๊ว กินง่าย คล่องคอ ใช้กระดูกหมู ,,
แกงซี่โครงหมูใส่วุ้นเส้น,"ซี่โครงหมู,  วุ้นเส้น,  ใบมะกรูด,  หอมแดง,  ตะไคร้,  น้ำปลา,  น้ำตาลปี๊บ,  ใบแมงลัก,  ต้นหอม,  น้ำเปล่า,  น้ำมันพืช, เกลือ,  พริกแห้ง,  พริกแดง,  เกลือ,  ข่า,  ตะไคร้,  หอมแดง",,ใมีซี่โครงหมู วุ้นเส้น หอมแดง พริก น้ำปลา น้ำตาลปิ๊ป เหลืออยู่ในตู้เย็น จะทำอะไรกินได้บ้าง,,
แกงบอน ใส่กะทิ,"กระชาย,  พริกแกง,  ตะใคร์,  หอมแดง,  ผิวมะกรูด,  กระเทียม,  พริกขี้หนู,  กะปิ,  ข่าหั่นเป็นแว่น,  เกลือ,  หมูสามชั้น,  น้ำปลาร้า,  กะทิ,  ใบมะกรูด,  มะกรูด  น้ำมะกรูด,  น้ำปลา,  น้ำตาลปี๊บ,  น้ำเปล่า",,มีก้านบอน กระชาย มะกรูด ข่า หมูสามชั้น น้ำปลาร้า อยากกินอะไรที่ไม่ค่อยอ้วยมาก กลางๆ ทำอะไรกินดี,,
แกงปลาดุกใส่ใบยอ,"ปลาดุก,  พริกแกง,  ใบยอ,  กะทิ,  น้ำปลา,  น้ำตาล,  เกลือ,  น้ำเปล่า",,อยากกินปลาดุก แซ่บๆ ใส่พริกแกงเพิ่มความเผ็ด น่าจะอร่อย,,
แกงป่าไก่,"พริกแกง,  สะโพก,  ยอดมะพร้าว,  หน่อไม้ต้ม,  มะเขือเปราะ,  กระชาย,  พริกไทย,  พริกชี้ฟ้า,  น้ำปลา,  น้ำตาลทราย",,อยากกินแกงป่า เผ็ดๆ แซ่บๆ ใส่ไก่เยอะๆ ใส่ยอดมะพร้าว หน่อไม้ กระชาย รสชาติจะได้อร่อย ครบรัส กลมกล่อม,,
แกงป่าหมู,"เนื้อหมู,  พริกแกงเผ็ด,  มะเขือเปราะ,  มะเขือพวง,  ฟักทอง,  ข้าวโพด,  พริกไทย,  กระชาย,  ใบกะเพรา,  ใบมะกรูด,  พริกชี้ฟ้า,  น้ำเปล่า,  คนอร์,  น้ำมัน",,อยากกินแกงป่าหมู,,
แกงผักกาดใส่ไก่,"น่องไก่,  พริกแห้ง,  หอมขาว,  หอมแดง,  เกลือ,  กะปิ,  ปลาร้า,  มะแคว่น,  ผักกาดกวางตุ้ง,  น้ำมัน,  ผักชี,  ตะไคร้",,วันนี้มีแครอทมาฝาก ผักที่คุอบกิน ผักมีวิตามิน มาคู่ด้วยผักกาด พริกต่างๆ และน่องไก่ชิ้นใหญ่ กะปิ ปลาร้า ทำอะไรกินดี,,
แกงเผ็ดเนื้อตุ๋นมะเขืออ่อน,"เนื้อน่อง,  มะเขือเปาะ,  กระชายฝอย,  พริกไทย,  พริกชี้ฟ้า,  โหระพา,  พริกแกงเผ็ด,  ใบมะกรูด,  กะทิ,  น้ำมัน",,ได้เนื้อน่องมาจากริปปิง มะเขือเปาะ กระชาย พริกไทย อยากกินอะไรอร่อยๆ เคี้ยวง่าย ไม่เหนียว,,
แกงเผ็ดมะเขือยาวหมูสับ,"เนื้อหมู,  มะเขือยาว,  พริกแกงเผ็ด,  หัวกะทิ,  ซีอิ๊วขาว,  เกลือ,  น้ำตาลปี๊ป,  พริกชี้ฟ้า,  ใบมะกรูด,  ใบโหระพา",,มีเนื้อหมูสับ มะเขือยาว  พริกแกง หัวกะทิ  ทำอะไรกินดี  ขอเมนูที่ไขมันน้อย,,
แกงมัสมั่นเนื้อ,"เนื้อวัว,  พริกแกง,  กะทิ,  อบเชย,  ดอกจันทร์,  ลูกกระวาน,  ถั่วลิสง,  น้ำตาลมะพร้าว,  น้ำมะขามเปียก,  น้ำปลา,  เกลือ, หยิบมือ, น้ำส้มซ่า,  มันฝรั่ง,  หอมหัวใหญ่,  คนอร์",,มีเนื้อวัว พริกแกง กะทิ อบเชย น้ำตาล กินอาหารที่โปรตีนสูง,,
แกงมัสมั่นหมู,"หมู,  พริกแกง,  หอมใหญ่,  มันฝรั่ง,  ถั่วลิสง,  น้ำตาลปีบ,  น้ำมะขามเปียก,  เกลือ,  ใบกระวาน,  กะทิ",,มีเนื้อหมู พริกแกงต่างๆ หอมใหญ่ มันฝรั่ง ทพอาหารที่อร่อยๆ รสชาติดี ,,
แกงเลียงใบตำลึง,"ใบตำลึง,  ไข่ไก่,  กะปิ,  ปลา",,อยากกินแกงที่ใส่ใบตำลึงเยอะๆๆๆๆ เพราะมีเยอะมาก,,
แกงเลียงเห็ด 3 อย่าง,"เห็ดฟาง,  เห็ดเข็มทอง,  เห็ดออรินจิ,  ฝักทอง,  บวบ,  ตำลึง,  ใบแมงลัก,  พริกไทยขาว,  หอมแดง,  กะปิ,  ข้าวโพด,  แครอท,  น้ำสะอาด,  เกลือ,  กุ้งแห้ง,  พริกแดง",,มีเห็ดฟาง เห็ดเข็มทอง เห็ดออรินจิ ทำอะรไกินได้บ้าง อยากกินอาหารที่มันใส่เห็ดหมดเลย เป็นแกงยิ่งดี ,,
แกงส้มชะอมทอด,"กุ้ง,  ปลาทู,  พริกแกง,  น้ำตาล,  น้ำปลา,  เกลือ,  น้ำมะขามเปียก,  น้ำสะอาด,  ผักกาดขาว,  แครอท,  หัวไช,  ชะอม",,อยากกินกุ้ง ปลาทู พริกแกง อยากกินรสชาติเผ็ดๆ ทำอะไรได้บ้าง ใส่ผักกาดกับแครอท เห็ดด้วย,,
แกงส้มปลาช่อนทอด,"ปลา,  แป้ง,  น้ำมัน,  พริกแกง,  ปลาทูน่า,  หัวไชเท้า,  ถั่วฝักยาว,  ผักกาดขาว,  มะขามเปียก,  น้ำตาลปี๊บ,  น้ำปลา",,มีปลาช่อยได้มา อยากมาทำปลาช่อนทอดพรอ และมีพริกแกง ทำเมนูอะไรดี,,
แกงส้มผักบุ้งปลาน้ำดอกไม้,"ผักบุ้ง ปลา,  พริกแกงส้ม,  มะขามเปียก,  น้ำปลา,  น้ำตาลปี๊บ,  เกลือ,  น้ำเปล่า",,อยากกินผักบุ้งเยอะๆ แต่ไม่เอาผัดน้ำมันหอยแล้ว อยากกินเป็นแกงๆ ทำอะไรกินดี,,
แกงส้มผักรวมกุ้งสด,"พริกแกง, น้ำเปล่า, กุ้ง, น้ำมะขามเปียก, น้ำตาลปี๊บ, น้ำปลา, ผักรวม",,อยากกินแกงส้ม ใส่ผักต่างๆ เช่น แครอท ข้าวโพดอ่อน กะหล่ำปลี กุ้ง,,
แกงสะแล,"สะแล,  หมูสามชั้น,  กระดูกหมู,  มะเขือเทศ,  ต้นหอม,  พริกแห้ง,  กระเทียม,  หอมแดง,  กะปิ,  ปลาร้า,  น้ำปลา,  ตะไคร้",,อยากกินแกง เค็มนำ อมเปรี้ยว ใส่ มะเขือเทศ กะปิ ปลาร้าสับ มีหมูสามชั้นด้วย,,
แกงสับปะรดใส่หอยแมลงภู่,"หอยแมลงภู่, พริกแกง, สับปะรด, หัวกะทิ, หางกะทิ, ใบมะกรูด, น้ำตาลปี๊บ, น้ำปลา, คนอร์",,อยากกินหอยแมงภู กับมีสัปปะรด ทำอะไรกินได้บ้าง,,
แกงหน่อไม้(ลาว),"น้ำใบย่านาง, หน่อไม้, ใบแมงลัก, พริกขี้หนู, น้ำปลาร้า, ตะไคร้, ข่า, ชะอม, เห็ดฟาง, หอมแดง, เกลือ, น้ำปลา, น้ำตาล, ข้าวเบือ",,มีน้ำใบย่านาง หน่อไม้ พริกขี้หนู ชะอมเยอะมาก ข่า เห็ดฟาง หอมแดง ทำอะไรกินดี ,,
แกงหมูตะพาบน้ำ สูตรโบราณ แบบครบเครื่อง,"ขาหมู,  ใบโหระพา, มะเขือเทศ,  ใบมะกรูด,  พริกขี้ฟ้า, พริกแกง,  กะทิ,  ระกำ, มะอึก,  กะปิ,  กุ้งแห้ง,  น้ำมะขามเปียก, ชิมรส, ผงปรุงรส,  เกลือ",,มีขาหมู มะเขือเทศ พริกแกง กะทิ ระกำ กะปิ ทำอะไรกินได้บ้าง ,,
แกงเห็ดผักหวานใส่กะปิ,"เห็ด,  กะปิ,  น้ำปลา,  ตะไคร้,  หอมแดง,  พริกขี้หนู,  พริกแดง,  ผักหวาน,  ชะอม,  ใบแมงลัก,  ใบย่านาง,  น้ำเปล่า,  หน่อไม้",,มีเห็ดฟาง เห็ดรวม ออรินจิ  พริก ทำอะไรกินดี ใส่พริกจะได้อร่อยๆขึ้น,,
แกงเห็ดเผาะ,"น้ำแกงใบย่านาง, เห็ดเผาะ,  ผักหวาน,  ใบแมงลัก,  หอมแดง,  พริก,  ตะไคร้",,มีน้ำแกงใบย่านาง เห็ดเผาะ ผักหวาน ใบแมงลัก พริก,,
แกงเห็ดใส่ใบแมงลัก,"พริกจินดา, หอมแดง, กระเทียม, ตะไคร้, น้ำปลาร้า, ผงปรุงรส, เกลือ, น้ำตาล, เห็ดฟาง, เห็ดโคนญี่ปุ่น",,อยากกกินแกงเห็ด แต่แตกต่างออกจากเดิม แนะนำให้ทำเมนูอะไรดี,,
แกงองุ่นเป็ดย่างโหรภา,"เป็ดย่าง,  องุ่นไร้เม็ด,  มะเขือเทศสีดา, ใบมะกรูด,  โหระพา,  มะเขือพวง,  พริกหนุ่ม,  พริกแกง,  กะทิ,  น้ำตาลทราย,  น้ำปลา",,มีเป็ดตัวใหญ่มาก องุ่นเยอะมากก ช้อกโกแลต พริกแกง โหระพา มะเจือ ทำเมนูอะไรดี ,,
แกงโฮะ,"เนื้อหมู, กะเพรา, มะกรูด, มะเขือ, มะเขือพวง, ตะไคร้, กระเทียม, หน่อไม้, ผงกะหรี่, วุ้นเส้น, พริกแกงเขียวหวาน, แกงเผ็ด, แกงฮังเล, น้ำปลา, ซีอิ๊วขาว, ผงชูรส, ถั่วฝักยาว, น้ำมันพืช",,คือมีของเยอะมาก มี หมู ใบกะเพราะ ใบมะกรูด มีพริกแกงเขียวหวาน แกงเผ็ด แกงฮังเล ผงกะหรี่อีก ทำอะไรกินดี ,,
โกโก้มัทฉะ,"ผงมัทฉะ, นม, น้ำตาล, ผงโกโก้, น้ำตาล, น้ำแข็ง, ชาเขียว",,อยากกินโกโก้มัทฉะ,,
โกโก้ร้อน,"ผงโกโก้, ครีมเทียม, นมข้นหวาน",,รู้สึกช่วงนี้เจ็บคอ ทำอะไรกินดี มี ผงโกโก้เหลืออยู่,,
โกโก้หนึบ,"นมข้นหวาน, ผงโกโก้",,อยากทำขนมอร่อยๆให้น้องสาวทาน มีผงโกโก้ กับนมข้นหวาน มีแค่สองอย่าง ทำอะไรกินดี,,
ไก่กระเทียมพริกไทย,"อกไก่, กระเทียม, พริกไทยดำ, ซีอิ๊วขาว, น้ำมันหอย, น้ำตาล, รสดี, น้ำเปล่า",,อยากทำอาหารง่ายๆ เด็กกินได้ ผู้ใหญ่กินดี มีเนื้ออกไก่ กระเทียม และเครื่องปรุงปกติ ทำอะไรกินดี ,,
ไก่กระวานผัดเผ็ด,"สะโพกไก่, หน่อกระวาน, น้ำสต๊อกไก่, พริกชี้ฟ้า, ใบมะกรูด, น้ำปลา, น้ำมัน, ข่า, ตะไคร้, ผิวมะกรูด, กระเทียมไทย, เกลือ, พริกขี้หนูสวน, กะปิ",,ได้หน่อกระวานมา สะโพกไก่ชิ้นใหญ่ๆ ทำอาหารอะไรดี ,,
ไก่ต้มน้ำปลา,"น่องไก่,  กระเทียม,  รากผักชี,  น้ำปลา,  ซอสหอยนางรม,  น้ำตาลทราย,  น้ำตาลปี๊บ,  ซีอิ๊วดำ",,อยากกินอาหารที่คุณแม่ชอบกิน กินง่ายๆ ไม่เจ็บฟัน มีไก่ น้ำตาลปิ้ป น้ำปลา ไข่ กระเทียม ทำอะไรกินดี,,
ไก่ตุ๋นมะนาวดอง,"น่องไก่, สะโพกไก่, น้ำมัน, ฟัก, เห็ดหอม, กระเทียม, รากผักชี, พริกไทยขาว, มะนาวดอง, น้ำเปล่า, ซีอิ๊วขาว, เกลือ, ผักชี",,อยากกินๆไก่ตุ๋นตัวหญ่ๆอร่อยกินง่าย,,
ไก่ผัดพริกแกง,"เนื้อไก่,  ถั่วฝักยาว,  มะเขือ,  ใบมะกรูด,  พริก,  พริกแกง,  น้ำตาล,  คนอร์,  น้ำมัน",,มีพริกแกงเหลือจากทำแกงส้มเยอะมากกกกก อยากเอาพริกแกงมาทำต่อ และมีไก่เหลืออยู่พอดี,,
ไก่ย่าง กะทิ สูตรโบราณ หอม นุ่ม เด้งฉ่ำ,"สะโพกไก่, กระเทียม, พริกไทย, รากผักชี,  ซีอิ๊วขาว,  น้ำตาลปี๊บ,  เกลือ,  ซีอิ๊วดำ,  กะทิสด",,อยากทำไก่ย่างอร่อยๆ กินคู่กับส้มตำ,,
ไก่ย่างจิ้มแจ่ว,"สะโพกไก่, น้ำมันมะกอก, ผงปรุงรส, น้ำมันหอย, ซีอิ๊วขาว, สามเกลอ, น้ำปลา, น้ำมะนาว, พริกป่น, น้ำตาลปี๊บ, ข้าวคั่ว, หอมแดง, ผักชีฝรั่งซอย",,อยากกินไก่ย่าง แต่เพิ่มความเผ็ดด้วยน้ำจิ้มน่าจะดีมาก,,
ไก่อบซอสบาบีคิวน้ำผึ้ง,"ไก่,  ซอสบาบีคิว,  ซอสปรุงรส,  น้ำผึ้ง,ซอสพริก,  พริกไทยดำป่น,  กระเทียม,  ขิง",,อยากกินเมนูที่ปาร์ตี้กับเพื่อนๆได้ เลยเสนอบาบีคิว จะทำกินดีไหม,,
ขนมกล้วย/ขนมฟักทอง,"กล้วยน้ำว้า, ฟักทอง, แป้งข้าวจ้าว, แป้งมัน, น้ำตาลทราย, หัวกะทิ, เกลือ, เนื้อมะพร้าวขูด, กล้วย",,อยากกินขนมไทยๆ มีกล้วย กับฟักทอง มะพร้าว ทำอะไรดี,,
ขนมจีนน้ำเงี้ยว,"หมูบด, ซี่โครงหมู, ตีนไก่, เลือดไก่, มะเขือเทศ, ดอกงิ้ว, ผักชี, ผักกาด, ถั่วงอก, กะหล่ำปลี, พริกแห้ง, พริกน้ำ, กะปิ, น้ำปลา, น้ำตาล, กระเทียมไทย",,คิดถึงอาหารภาคเหนือ เลยอยากทำอาหารเส้นๆที่มีการต้มซี่โครงหมู มะเขือเทศ พริก และปรุงตามใจชอบ ยิ่งกินกับถั่วงอกได้ยิ่งดี เพราะมีเต็มตู้เย็น,,
ขนมจีนน้ำยากะทิตีนไก่,"ไก่บด, น้ำกะทิ, พริกแกงเผ็ด, กระชาย, ใบมะกรูด, ตีนไก่, เลือดไก่, ลูกชิ้นปลา, น้ำตาลทรายแดง, เกลือ, รสดี, ขนมจีน, ผัก",,มีเนื้อไก่ กะทิ ทำอะไรกินดี ,,
ขนมจีบกุ้ง,"แผ่นเกี๊ยว, กุ้งสับ, มันหมู, กระเทียม, รากผักชี, ซอสปรุง, พริกไทย, น้ำตาลทราย, น้ำมันงา, จิ๊กโฉ่ว ",,อยากกินขนมจีบ ที่ทำมาจากแผ่นเกี๊ยวสีเหลือง ใส่ กุ้ง มันหมู กินกับจิ๊กโฉ่ว,,
ขนมจีบต้ม ,"หมูสับ, พริกไทยขาว, ซีอิ๊วขาว, กระเทียม, รากผักชี, น้ำตาลทราย, น้ำมันงา, แผ่นเกี๊ยว, น้ำ, น้ำมันกระเทียมเจียว, น้ำจิ้ม, แป้งมัน",,อยากกินขนมจีบต้ม แบบคนจีนชอบกินกัน,,
ขนมจีบลาบไมโครเวฟ,"กุ้ง, หมู, คนอร์, ต้นหอม, ผักชี, หอมแดง, แผ่นเกี๊ยว, รสดีเมนู, น้ำอุ่น, ต้นหอม, ผักชี, หอมแดง",,อยากทำอาหาร ที่ทำง่ายๆ ใช้ ไมโครเวฟ มีกุ้ง หมูบด ทำอะไรกินดี,,
ขนมจีบอกไก่,"อกไก่,  แครอท,  หัวไชเท้า,  พริกไทย,  พริกไทยดำ,  รากผักชี,  ซีอิ๊วขาว,  กระเทียม,  แผ่นเกี๊ยว",,อยากเอาอกไก่มาทำอาหารอร่อยๆ ที่ไม่เหมือนเดิม ใช้แผ่นเกี๊ยว ,,
ขนมต้มขาว,"มะพร้าว, น้ำตาลปี๊บ, เทียน, แป้งข้าวเหนียว, กะทิ, น้ำสะอาด, มะพร้าว",,มีมะพร่าว แป้งข้าวเหนียว ขนมอบควันเทียน กะทิ ทำอะไรกินดี ,,
ขนมเบื้องง่าย สูตร 1 และ สูตร 2,"แป้งข้าวจ้าว, แป้งถั่วเขียว, น้ำปูนใส, ไข่ไก่, น้ำตาลปี๊บ, แป้งข้าวจ้าว, แป้งข้าวโพด, แป้งสาลีเอนกประสงค์, น้ำ, ไข่, น้ำตาลปี๊บ, แป้งสูตรที่,  ไข่ขาว, น้ำมะนาว, น้ำตาลไอซิ่ง, ฝอยทอง, ลูกเกด",,อยากทำขนมที่อีกฝ่ายเห็นแล้วประทับใจ ที่บ้านมีแป้งข้าวเหนียว แป้งข้าวเจ้า แป้งอเนกประสงค์  และก็มี น้ำตาลไอซิ่ง ไข่ ทำอะไรกินดี ,,
ขนมปังเนยกรอบไมโครเวฟ,"ขนมปัง, เนยเค็ม, น้ำตาลทราย",,มี ขนมปังที่เหลือไว้อยู่ กับเนยเค็ม น้ำตาลทราย ทำอะไรกินดี ที่อร่อยๆ เป็นของหวาน,,
ขนมเปียกปูนใบเตย,"แป้งข้าวเจ้า, แป้งเท้ายายม่อม, น้ำปูนใส, น้ำตาลทราย, น้ำตาลปี๊บ, น้ำใบเตย, มะพร้าว",,มี แป้งข้าวเจ้า แป้งเท้ายายม่อม น้ำปูนใส น้ำตาลทราย น้ำตาลปี๊บ น้ำใบเตย มะพร้าว ข้าวโพด แครอท ไข่ ทำอะไรกินดี ,,
ขนมผิง,"แป้งมัน, น้ำตาลทราย, กะทิ, ไข่แดง, น้ำ",,อยากกินขนมไทยๆทำมาจากแป้ง ไข่  มีที่อบควันเทียนด้วย,,
ขนมลืมกลืน,"แป้งถั่วเขียว, น้ำลอยดอกมะลิ, น้ำตาลทราย, น้ำอัญชัน, ถั่วเขียว, กะทิ, แป้งข้าวเจ้า, แป้งถั่วเขียว, เกลือ, น้ำตาล",,มีแป้งถั่วเขียว ดอกมะลิ น้ำตาล แป้ง ทำอะไรกินดี ไม่เอาอ้วยมาก กลางๆ ,,
ขนมอินทนิล,"แป้งมันสำปะหลัง, น้ำใบเตยเข้มข้น, กะทิเรียลไทย, น้ำลอยดอกมะลิ, น้ำตาลทราย, เกลือ, ใบเตย, เทียนอบขนม",,อยากกินขนมอร่อยๆ ทำมาจากน้ำใบเตย ใส่กะทิ ทำแล้วแม่ผัวประทับใจ,,
ข้าวเกรียบปากหม้อ,"แป้งข้าวเจ้า, แป้งมันสำปะหลัง, แป้งท้าวยายม่อม, เกลือ, น้ำเปล่า, ผักชี, ผักกาดหอม, พริกขี้หนู, กระเทียมเจียว, พริกชี้ฟ้า, สีผสมอาหาร, น้ำ",,อยากกินข้าวเกรียบปากหม้อ ,,
ข้าวไข่ข้นกิมจิเบคอนกรอบ,"เบคอน, ไข่, ต้นหอม, กิมจิ, ข้าว, โคชูจัง, น้ำมันหอย, น้ำปลา",,มีกิมจิ ไข่หลายฟอง ข้าวเย็น ทำอะไรกินดี ,,
ข้าวไข่ข้นกุ้ง เนื้อนุ่มละมุนลิ้น,"ไข่ไก่, ซีอิ๊วขาว, นมสด, น้ำมัน, กุ้ง",,อยากกินอาหารง่ายๆ เด็กๆชอบ มี ไข่ กุ้ง ข้าว ,,
ข้าวคลุกพริกเกลือ,"ข้าว, น้ำสะอาด, กระเทียม, พริกขี้หนู, เกลือ, น้ำปลา, น้ำมะนาว, น้ำต้ม, น้ำตาล, กุ้ง, ปลาหมึก, ปลา, กระเทียมเจียว, ผักชี",,มี กุ้งแม่น้ำ ปลากะพง ข้าว เกลือ น้ำตาล กระเทียม ทำอะไรกินดี,,
ข้าวต้มทรงเครื่อง,"กระดูกหมู, รากผักชี, น้ำเปล่า, ข้าวหอมมะลิ, กุ้ง, ปลาหมึก, ตั้งฉ่าย, หมู, กระเทียม, ซีอิ๊วขาว, พริกไทย, ต้นหอม, ขึ้นฉ่าย",,อยากกินข้าวที่กินง่ายๆ คล่องคอ อร่อย เครื่องเยอะๆ ใส่ หมู กุ้ง ปลาหมึก ,,
ข้าวต้มปลา,"ข้าวสวย, ปลากะพง, เห็ดหอม, ข่า, รากผักชี, ซีอิ๊วขาว, พริกไทย, ซุปกระดูกหมู, ขึ้นฉ่าย, ต้นหอมซอย, กระเทียมเจียว",,อยากกินข้าวต้มปลาอร่อยๆ จะทำใฟ้แฟนกิน,,
ข้าวต้มมัดสูตรคุณยาย,"กล้วยน้ำว้า, ข้าวเหนียว, ถั่วดำ, หัวกะทิ, น้ำตาลทราย, เกลือป่น, ใบตอง",,ทำขนมหวานที่กินได้ทั้งตำบล ใช้ กล้วย กะทิ ข้าวเหนียว ทำอะไรกินดี ,,
ข้าวต้มมัด,"ข้าวเหนียว,  กะทิ, ถั่วดำ,  เกลือ,  น้ำตาล,  ใบตอง, กล้วยน้ำว้า",,มีข้าวเหนียวเก่าๆ กับกล้วยเยอะมาก ทำอะไรดี,,
ข้าวต้มหมูสับ,"ข้าวสวย, น้ำเปล่า, ส่วนผสม, น้ำเปล่า, คนอร์ซุปก้อนหมู, หมูสับ, รากผักชี, ไทย, น้ำปลา, กระเทียม, ต้นหอม, พริกไทยป่น",,มีข้าวสวยเก่าที่หุงไว้สองวันที่แล้ว กับหมูสับ พริกไทย ผักชี ทำอะไรกินดี ,,
ข้าวแต๋น,"ข้าวแต๋น, เกลือ, น้ำตาลปี๊บ, น้ำตาลทรายแดง",,อยากเอาข้าวแต๋นมาใช้ ,,
ข้าวผัดกระเทียมเบคอนกรอบ,"ข้าวสวย, กระเทียม, เบคอน, เนยจืด, โชยุ, น้ำตาล, เกลือ, พริกไทย, ต้นหอม",,อยากกินข้าวผัดกระเทียม แบบแนวญี่ปุ่น ใส่เบคอน เนย โชยุ ต้นหอม ทำอะไรกินดี,,
ข้าวผัดกุ้ง,"ข้าวสวย,  กุ้งสด,  ไข่ไก่,  แครอท,  ซอสปรุงรส,  น้ำตาลทราย,  เกลือ, เนย,  พริกไทย,  น้ำมัน,  ต้นหอม",,อยากกินข้าวผัดกุ้งฉ่ำๆ อร่อยๆ ,,
ข้าวผัดไข่,"ข้าวสวย, ไข่ไก่, แครอท, ซอสปรุงรส, เกลือ, เนย, ต้นหอมซอย, น้ำมันพืช",,ดูคลิป Uncle Roger มา เลยอยากทำเมนูนี้ ทำง่ายๆ มีไข่ ข้าส แครอท หัวหอม เพิ่มความหวาน,,
ข้าวผัดโชยุไข่เยิ้ม,"โชยุ, ข้าวญี่ปุ่น, หอมใหญ่, กระเทียม ไข่ไก่, นมสด, น้ำมัน, เนยจืด, พาร์สลีย์, กระเทียม, หอมใหญ่, เนยจืด, เห็ดแชมปิญอง, ไวน์แดง, น้ำซุปเกรวี, ผงซุปเห็ด, น้ำ, เกลือ, พริกไทย, ซอสมะเขือเทศ",,อยากทำอาหารที่ ใส่ โชยุ ข้าว เนย กระเทียม เห็ด ไข่ ทำอะไรกินดี ,,
ข้าวผัดแซลมอน,"ข้าวญี่ปุ่น, น้ำสะอาด, แซลมอน, ต้นหอม, กระเทียม, แคร์รอต, โชยุ, เกลือ, พริกไทยดำ, ไข่ไก่, น้ำมัน",,มีข้าวญี่ปุ่น แซลมอนชิ้นใหญ่ โชยุ ไข่ไก่ มิริน ทำอาหารอะไรดี ,,
ข้าวผัดปลาหมึกไข่เค็ม,"ข้าว, น้ำสะอาด, ไข่แดง, ซอสหอยนางรม, ซีอิ๊วขาว, น้ำตาลทรายขาว, น้ำพริกเผา, กระเทียม, หอมใหญ่, หมึก, ต้นหอม, ผักเคียง",,มี ข้าว น้ำ น้ำพริกเผา ไข่แดง หมึก หอมหัวใหญ่ ,,
ข้าวผัดสับปะรด,"เกลือ, ซีอิ๊วขาว, ซอสปรุงรส, พริกไทย, ผงกะหรี่, เนยสดจืด, กระเทียมสับ, หอมหัวใหญ่สับ, ผักสามสี, ต้นหอมซอย, ไข่ไก่, กุ้ง, กุนเชียง, แฮม, ลูกเกด, หมูหยอง, เม็ดมะม่วงหิมพานต์",,มีเกลือ ซีอิ้ว กระเทียม หอม เนย ผงกะหรี่  สัปปะรด ลูกเกด กุนเชียง ทำอะไรกิน ที่ทำแล้วประทับใจ,,
ข้าวผัดแหนม,"ข้าวเย็น, แหนม, มะนาว, พริกขี้หนู, ต้นหอม, ขิงอ่อน, กระเทียม, ซอสหอยนางรม, น้ำมัน, หอมแดง, ถั่ว",,อยากทำอาหารที่ใช้ ข้าวเย็น แหนม มะนาว พริกขี้หนู อร่อย แซ่บๆ ,,
ข้าวผัดอเมริกันไข่ข้น,"น่องไก่, เกลือ, พริกไทย, แป้งทอดกรอบ, ไส้กรอก, หอมหัวใหญ่, กระเทียม, ลูกเกด, ข้าวหอมมะลิ, เกลือ, พริกไทยป่น, เนยจืด, ซอสมะเขือเทศ, น้ำตาลทราย, ซีอิ๊วขาว, ไข่ไก่, นมสด",,ทำน่องไก่ เกลือ แป้งทอดกรอบ ไส้กรอก หอม กระเทียม ข้าว ซอสมะเขือเทศ​ ทำอะไรกินดี ,,
ข้าวมันกุ้ง,"ข้าว, กุ้งสด, หัวกุ้ง, กระเทียม, ขิง, รากผักชี, ซีอิ๊วขาว, พริกไทยป่น, เกลือป่น, น้ำซุปไก่, น้ำมันพืช, น้ำจิ้มซีฟู้ด, ผักชี",,ข้าว กุ้ง เกลือ ,,
ข้าวมันไก่สามสหาย,"ข้าวหอม, น้ำซุปกระดูกไก่, กระเทียม, รากผักชี, ขิงแก่ฝานแผ่นบาง, น้ำมันพืช, สามเกลอ, ซอสหอยนางรม, ซอสปรุงรส, น้ำตาล, แป้งทอดกรอบ, น้ำ, เกลือ, รากผักชี, กระเทียม",,อยากกินอาหารที่ทำจีบสาวแล้วเขาชอบประทับใจ ตอนนี้มี ไก่ ข้าว ขิง สามเกลอ น้ำมันพืช ,,
ข้าวหน้าไก่ราชวงศ์,"ข้าวหอม, ไก่, ซีอิ๊วขาว, ซีอิ๊วดำหวาน, พริกไทย, แป้งข้าวโพด, แป้งข้าวโพด, น้ำมันงา, น้ำมันพืช, น้ำสต๊อก, ซอสปรุงรส, น้ำตาลทราย, พริกชี้ฟ้าเขียว, ผักชี",,อยากใช้ใก่ทำอาหาร ซีอิ้ว แป้ง น้ำมัน ผักชี ทำอะไรดี ,,
ข้าวหมูกรอบ,"หมูสามชั้น, น้ำส้มสายชู, เกลือ, น้ำมันงา, กระเทียม, หอมแดง, รากผักชี, เต้าเจี้ยว, ซอสหอยนางรม, น้ำตาล, ซีอิ๊วดำ, น้ำซุป, นมสด, แป้งมัน, งาขาว",,อยากใช้หมูสามชั้นเยอะๆ เต้าเจี้ยว ซอสหอย แป้งมัน น้ำส้มสายชู มีข้าวด้วยทำอะไรดี,,
ข้าวเหนียวน้ำกะทิทุเรียน,"ข้าวเหนียว, น้ำสะอาด, กะทิคั้น, น้ำตาลทราย, เกลือ, ใบเตย, ทุเรียน, น้ำตาลโตนด, เกลือ, ใบเตย",,อยากทำไว้กินกับทุเรียน ใช้ ข้าวเหนียว กะทิ ทำอะไรกินดี,,
ข้าวอบกุนเชียง,"ข้าวหอม, น้ำเปล่า, กุนเชียง, เห็ดหอม, แปะก๊วย, แคร์รอต, คะน้า, ซอสปรุงรส, ซอสหอยนางรม, พริกไทยป่น, น้ำตาล, น้ำมันพืช, น้ำมันงา",,มีกุนเชียงเยอะมาก อยากจะทำข้าวอร่อยๆ,,
ข้าวอบเบคอน,"ข้าว, เบคอน, กระเทียมสับ, ซอสปรุงรส, ซอสหอยนางรม, พริกไทย, น้ำเปล่า, ผัก, ต้นหอมซอย",,มีเบคอน ผัก อยากกินให้เฮลตี้มากขึ้น คาร์บน้อย แต่อร่อยทำอะไรกินดี,,
ไข่คน Scrambled egg,"ไข่ไก่, เนย",,มี ไข่ เนย นม อยากทพเมนูไข่ที่ดีที่สุด,,
ไข่เค็มผัดกระเพรา,"ไข่เค็ม,  หมู, ใบกะเพรา, ถั่วฝักยาว,  น้ำปลา, น้ำตาล, น้ำมันหอย, น้ำพริกเผา, พริกจินดา",,มีไข่เค็ม ใบกะเพรา ถั่ว น้ำพริก ทำอะไรกินได้บ้าง,,
ไข่เจียวกากหมู,"ไข่เป็ด,  กากหมู, น้ำปลา,  พริกไทย",,อยากกินไข่เจียวอ้วนๆ มี กากหมู ข้าว ทำอะไรกินดี ที่อร่อยๆ เด็กอ้วนถุกใจ,,
ไข่เจียวกุ้ง,"ไข่ไก่,  กุ้ง,  ซีอิ้วขาว,  น้ำมัน, พริกไทย",,อยากกินไข่เจียวกุ้ง,,
ไข่เจียวทรงเครื่องซอสมันกุ้ง,"ไข่ไก่, น้ำปลา, ซอสปรุงรส, เนื้อกุ้ง, ผงฟู, มันกุ้ง, น้ำสต๊อกไก่, ซีอิ๊วขาว, น้ำตาลทราย, กุ้ง, ผัก, แป้งข้าวโพด, ต้นหอมซอย",,ไข่เจียวลัคชู ใส่เครื่องได้ตามใจชอบ กุ้ง ผัก และเครื่องปรุงรสตามใจชอบ,,
ไข่เจียวทูน่าพริกสับ,"ปลาทูน่า,  พริกขี้หนู,  ไข่ไก่,  น้ำปลา, เล็กน้อย, น้ำมันพืช",,อยากกินทูน่า พริก ไข่ คาร์บน้อย ผักกาด เหมาะกับคนสวยแบบเรา,,
ไข่เจียวสามเกลอ,"ไข่ไก่, ไข่แดง, ไข่เยี่ยว, หมู, กุ้ง, น้ำปลา, ผงปรุงรส",,มี ไข่แดง ไข่เยี่ยวม้า หมู กุ้ง ไข่ ทำเมนูอะไรดี อร่อยๆ,,
ไข่เจียวหมูสับผัดกะเพรา,"ไข่ไก่, หมู, ใบกะเพรา, พริก, กระเทียม, ซอสหอยนางรม, น้ำปลา, น้ำตาล",,อยากินไข่ไก่ ใส่หมู พริก ใบกะเพรา รสชาติเด็ดๆ,,
ไข่ดองน้ำปลา,"ไข่ไก่, น้ำปลาดี, น้ำสะอาด, น้ำตาลมะพร้าว, พริกขี้, พริกจินดา, กระเทียม",,ไข่ดองน้ำปลาอร่อยๆ,,
ไข่แดงดองน้ำปลากวน,"ไข่ไก่, น้ำปลา, น้ำตาลมะพร้าว, น้ำตาลทราย, น้ำเปล่า",,ไข่แดงดองน้ำปลา ใส่น้ำปลาอร่อยๆ กินแล้วเยิ้มๆ,,
ไข่ตุ๋นแกงเขียวหวาน,"ไข่ไก่, พริกแกงเขียวหวาน, น้ำเชื่อม, น้ำปลา, นมสดจืด, ปูอัด, ไส้กรอกไก่, พริกชี้ฟ้า, โหระพา",,มี ไข่ พริกแกง ปูอัด นมสด ทำอะไรกินดี ,,
ไข่ตุ๋นทรงเครื่อง,"ไข่ไก่, ต้นหอม, ซีอิ๊วขาว, น้ำมันหอย, น้ำตาลทราย, พริกไทย, น้ำมันพืช, แครอท, กุ้ง, น้ำเปล่า, เห็ดหอม, กุ้ง, แครอท",,อยากกินไข่ตุ๋นที่เต็มไแด้วยเครื่องมากมาย แครอท เห็ด กุ้ง กินแล้วเด็กชอบ,,
ไข่ตุ๋นวุ้นเส้น,"วุ้นเส้น, ไข่ไก่, นมสด, กุ้งสับ, แครอท, ซอสหอยนางรม, น้ำตาลทราย, พริกไทย, น้ำมันพืช, ต้นหอม, กุ้ง",,มี ไข่ วุ้น แครอท กุ้ง ทำอะไรดี,,
ไข่เบคอนซ่อนชีส,"ไข่ไก่, เกลือ, พริกไทย, ชีส, เบคอน",,มีเบคอน ไข่เบอร์ 0  เกลือ ชีส หมู ทำอะไรกินดี  ไขมันน้อย ,,
ไข่พะโล้,"ไข่ไก่, ไข่นกกระทา, เครื่องพะโล้, ซีอิ้วดำหวาน, ผักชี, น้ำมัน, น้ำ",,อยากทำไข่พะโล้พิชิตใจ ,,
ไข่ลูกเขย,"ไข่เป็ด, พริกชี้ฟ้าแห้ง, หอมเจียว, ผักชี, น้ำปลา, น้ำตาลปี๊ป, น้ำมะขาม, น้ำมัน",,เมนูที่เด็กชอบๆ หวานๆ เค็ม ๆ ใช้ไข่ ผัก หอมเจียว,,
ไข่หวานต้นหอมญี่ปุ่น,"ต้นหอมญี่ปุ่น, ไข่ไก่, โชยุ, มิริน, น้ำตาล, น้ำสะอาด",,เมนูกินง่าย หวานๆ ทำจากไข่ มีมิริน โชยุ,,
ไข่หวานสอดไส้ชีส,"ไข่ไก่, น้ำเปล่า, น้ำเชื่อม, เกลือ, พริกไทยดำ, ชีส, น้ำมันถั่วเหลือง, ต้นหอม, ซอสมะเขือเทศ",,อยากทำไข่้หวานที่เท่กว่าปกติ แนะนำหน่อยว่าจะทพอะไรดี ในตู้เย็นตอนนี้มี ชีส ไข่ เกลือ ต้นหอม มะเขือเทศ,,
ไข่ออมเล็ต,"ไข่ไก่, นม, ผงปรุงรส, โบโลน่า, หัวหอม, มะเขือเทศ, เนย",,อยากกินไข่อร่อยๆ ใส่แฮม หัวหอม มะเขือเทศ,,
คอนเฟลกคาราเมล,"คอนเฟลก, ถั่ว, น้ำตาล, เกลือ, วิปปิ้งครีม, น้ำผึ้ง, เนยจืด, กลิ่นวนิลา",,มีคอนเฟลกเหลือทำอะไรกินได้บ้าง,,
คอร์นชีสยืด,"ข้าวโพด, นมข้นจืด, เนยจืด, เกลือ, น้ำตาล, ชีส",,มีข้าวโพก ชีส เนย ทำอาหารอร่อยๆ ,,
คอหมูย่าง น้ำจิ้มแจ่ว,"สันคอหมู, ซีอิ้วขาว, น้ำมันงา, ผงปรุงรส, น้ำตาลทราย, รากผักชี, เม็ดพริกไทย, กระเทียม, น้ำมะขามเปียก,  หอมแดง, น้ำตาลปี๊บ, น้ำปลา, พริกป่น, ข้าวคั่ว, ผักชี, ต้นหอม",,อยากกินสันคอหมู ปรุงรสอร่อย เค็ม กับน้ำจิ้มดีๆ,,
คาราเมลมัคคิอาโต้,"นมสด, นมข้นจืด, คาราเมลไซรัป, กาแฟสด",,อยากกินกาแฟ แต่หวานๆหน่อย ใส่คาราเมลน่าจะยิ่งดี,,
คุ้กกี้ตัวหนอนไส้สับปะรด,"แป้งสาลีอเนกประสงค์, ผงฟู, เนยสด, เกลือ, น้ำตาลไอซิ่ง, กลิ่นวนิลา, ไข่ไก่, สับปะรด",,อยากทำคุกกี้ ใส่แป้ง เนย เกลือ น้ำตาลไอซิ่ง สัปปะรดเยอะๆ,,
คุ๊กกี้ธัญพืชไร้แป้ง,"มะม่วงหิมพานต์, อัลมอนด์, วอลนัท, เมล็ดฟักทอง, ข้าวโอ๊ต, แครนเบอรี่, งาขาว, งาดำ, ไข่ขาว, น้ำผึ้ง, ลูกเกด",,ทำขนมเฮลตี้ๆ มี ข้าวโอ๊ต เมล็ดฟักทอง ไข่ งา ,,
คุ้กกี้เนยสด,"แป้งอเนกประสงค์, เบคกิ้งโซดา, เนยจืด, น้ำตาลทรายละเอียด, เกลือ, ไข่ไก่, กลิ่นวนิลา",,อยากกินคุกกี้เนยสด,,
คุกกี้บราวนี่ (Brownie Cookies),"เนย, ช็อกโกแลต, ไข่ไก่, น้ำตาลทรายแดง, น้ำตาลทราย, แป้งสาลีอเนกประสงค์, ผงฟู, เกลือ",,อยากทำขนมจีบแฟน ใส่ช้อกโกแลต ไข่ น้ำตาล แป้ง อร่อยๆ ,,
คุกกี้ไมโครเวฟ,"แป้งอเนกประสงค์, น้ำเชื่อม, ไมโล, เนยจืด, นมสด, ผงฟู",,อยากทำคุกกี้ง่ายๆ ใส่ไมโครเวฟ ทำมาจากไมโล เนย นม,,
เค้กกล้วยหอม,"แป้ง, ไข่ไก่, ผงฟู, เบคกิ้งโซดา, เกลือ, น้ำมัน, น้ำตาลทราย, กล้วยหอมสุกบด",,อยากกินเค้กอร่อยๆ ใส่ แป้ง ช้อกดกแลต ผงฟู กล้วย เกลือ ,,
เค้กกล้วยหอมคลีน,"กล้วยหอม, ข้าวโอ๊ต, ไข่ไก่, นมอัลมอนด์, เบคกิ้งโซดา, กลิ่นวนิลลา, น้ำมัน",,อยากกินของหวานคลีนๆ ใช้ข้าวโอ๊ด กล้วย ไข่ไก่,,
เค้กกล้วยหอมไมโครเวฟ,"กล้วยหอม, ไข่ไก่, น้ำตาล, เนยละลาย, นม, กลิ่นวนิลลา, แป้งอเนกประสงค์, เกลือ, ผงฟู , ผงโกโก้, น้ำผึ้ง, อัลมอนด์",,อยากกินขนมหวานทำง่ายๆ ใส่ไมโครเวฟก็ทำได้ มี ไข่ น้ำตาล กล้วย,,
เค้กแครอท,"แครอท, แป้งเค้ก, ผงฟู, เบกกิ้งโซดา, ผงชินนามอน, ไข่ไก่, น้ำตาลทรายขาว, น้ำตาลทรายแดง, น้ำมัน, เม็ดมะม่วงหิมพานต์, อัลมอนด์, อินทผาลัม, กลิ่นวานิลลา, ครีมชีส, เนย, น้ำมะนาว",,มีแครอท อัลมอนด์ แป้ง น้ำตาล ผงฟู ไข่ ครีมชีส เนย ทำอะไรกินดี,,
เค้กทูโทน เค้กสองสี,"Easy Bake Moist Chocolate Cake, Easy Bake Classic Vanilla Cake, สตรอว์เบอร์รี, วิปปิ้งครีม, น้ำตาลทราย, ไข่ไก่, ดอกไม้ ",,อยากทำเค้ก วิปปิ้งครีม รสช้อกดกแลต กับรส วานิลลา,,
เค้กใบเตยสูตรนึ่งแบบไม่ใช้เตาอบ,"แป้งสาลีเอนกประสงค์, น้ำใบเตย, กะทิ, น้ำตาลทราย, เกลือ, ผงฟู, เบคกิ้งโซดา, น้ำมะนาว",,มีใบเตย แป้ง กะทิ เกลือ น้ำตาล  ผงฟู ทำอะไรกินดี อยากได้เมนูที่มีรสชาติหวาน ,,
เค้กมะพร้าวอ่อนสูตรนึ่งทำง่ายไม่ใช้เตาอบ,"แป้งสาลีเอนกประสงค์, เนื้อมะพร้าวอ่อน, น้ำมะพร้าว, กะทิ, เกลือ., ผงฟู, เบคกิ้งโซดา, น้ำตาลทราย, น้ำมะนาว",,มีมะพร้าว แป้ง กะทิ เกลือ น้ำตาล อยากทำเมนูของหวาน,,
เคบับไก่,"น่องไก่, ผงยี่หร่า, ผงลูกผักชี, ผงมาซาล่า, ผงกะหรี่, ผงปาปริก้า, พริกไทยดำตำ, กระเทียม, หอมหัวใหญ่, โยเกิร์ต, มายองเนส, กระเทียม, พริกไทย, เนยจืด, แป้งข้าวโพด, นมจืด, ชีส, มะเขือเทศ , ผักสลัด, แผ่นแป้ง",,มีน่องไก่ติดสะโพก พริกไทย กระเทียม ผงต่างๆ ชีส นม เนื้อ แผ่นแป้งเคบับ ,,
เครมบรูเล่,"วิปปิ้งครีม, ไข่แดง, น้ำตาลทราย, กลิ่นวานิลลา",,มีไข่ วิปปิ้งครีม น้ำตาลทราย ทำอะไรกินดี เป็นของหวาน,,
จิ้นตุ๊บ,"เนื้อวัว, น้ำเปล่า, เกลือ, ซีอิ๊วขาว, น้ำตาลทราย, ผงชูรส, รากผักชี, กระเทียม, พริกไทยดำ, ตะไคร้, ข่า",,อยากเอา วัว กระเทียม ตะไคร้ ข่า ซ๊อิ้ว มาทำอาหาร ที่ไม่เหมือนใคร,,
เจี๋ยนปลาทับทิม สูตร 2 น้ำมะขามเปียก,"ปลา,  เกลือ,  น้ำมัน,  กระเทียม,  ขิง,  เต้าเจี้ยว,  ซอสหอยนางรม,  น้ำตาลปี๊บ,  น้ำมะขามเปียก,  ต้นหอม,  พริกจินดา,  น้ำเปล่า",,มีปลาทับทิมตัวใหญ่ เกบือ น้ำมัน กระเทียม จิง ซอสหอย แครอท เห็ด ทำเมนูอะไรได้บ้าง,,
แจ่วหมูโบราณ,"หมูสับ,  พริกแห้ง,  ข่าหั่นแว่น,  ตะไคร้ซอย,  หอมแดง,  กระเทียม,  น้ำปลา,  น้ำตาล,  ผงปรุงรส,  เกลือ,  กะปิ",,มีหมู พริก น้ำตาล ตะไคร้ หอมแดง เกลือ ทำเมนูอะไรได้บ้าง,,
โจ๊กข้าวโอ๊ต,"ข้าวโอ๊ต, น้ำเปล่า, ไข่ขาว, บร็อคโคลี, กุ้ง, เกลือ, สาหร่าย",,มีข้าวโอ๊ต ไข่ บร็อคโคลี กุ้ง ทำอะไรกินได้บ้าง คาร์บน้อย ดีต่อสุขภาพ,,
โจ๊กต้มยำทะเล,"ข้าวสวย, น้ำสะอาด, กุ้งขาว, หมึกกล้วย, พริกเผา, ข่า, ตะไคร้, ใบมะกรูด, พริกจินดา, น้ำสะอาด, น้ำปลา, น้ำมะนาว, เปลือกกุ้ง, ผักชี",,มีข้าวสวย หมึก ปู กุ้ง พริก ทำเมนูแซ่บๆ กินง่าย,,
ชาเขียวนมทูโทน,"ชาไทย, ชาเขียว, โกโก้เหนียว, นมสด, น้ำแข็ง, นมจืด, นมข้นหวาน",,มีชาเขียว ชาไทย นม ทำอะไรกินได้บ้าง,,
ชาเขียวนมสด,"ผงชาเขียว, น้ำร้อน, นมข้นหวาน, น้ำตาลทราย, นมสดรสจืด, น้ำแข็ง",,มีผงชาเขียว นม น้ำร้อน อยากกินให้มันขมๆ ,,
ชาเขียวปั่น,"ชาเขียวญี่ปุ่น, นมสด, น้ำตาลทรายแดง, กลิ่นวานิลลา, น้ำแข็ง",,อยากกินชาเขียวปั่น,,
ชาเขียวมัทฉะลาเต้,"ผงชาเขียว, น้ำเปล่า, นมสด, น้ำตาลทราย, นมข้นหวาน, น้ำแข็ง, นมสด",,มีผงมัทชะ น้ำเปล่า นมสด และใจ จะทำเมนูอะไรดี,,
ชาเขียวมัทฉะลาเต้ลาวา,"ผงชาเขียว, นมข้นหวาน, น้ำร้อน, นมสด, น้ำแข็ง",,มีผงมัทชะ น้ำเปล่า นมสด และใจ อยากทำให้มันพิเศษกว่าปกติ จะทำเมนูอะไรดี,,
ชาเขียวเย็น Moka pot,"น้ำ, ใบชาเขียว, นมข้นหวาน, ครีมเทียม",,ทำชาเขียวเย็นจาก Moka pot ,,
ชีสเค้กสไตล์ญี่ปุ่น,"ครีมชีส, น้ำตาลทราย, น้ำมันรำข้าว, ไข่ไก่, ครีม, กลิ่นวานิลลา, กลิ่นเลมอน, แป้งสาลีอเนกประสงค์, น้ำตาลไอซิ่ง",,"ทำอะไรดีจากวัตถุดิบที่มี ครีมชีส, น้ำตาลทราย, น้ำมันรำข้าว, ไข่ไก่, ครีม, กลิ่นวานิลลา, น้ำ, ใบชาเขียว, นมข้นหวาน, ครีมเทียม",,
ชุดอาหารเช้า,"ซอสถั่วเหลืองจิ้ม, ไข่ไก่, เบคอน, ไส้กรอก, แฮม, ชาร้อน, น้ำสะอาด",,มี ไข่ เบคอน ขนมปัง ชา ทำอะไรกินดีสำหรับมื้อเช้า,,
ไชโป๊วผัดไข่,"หัวไชโป๊ว, ไข่, กระเทียมสับ, น้ำตาลทราย, ซีอิ๊วขาว, น้ำมัน",,มีไชโป๊ว กับ ไข่ กระเทียม กุ้ง มะละกอ ไก่ ทำเมนูอะไรดี กินง่าย อร่อย ,,
ซี่โครงหมูอบ,"ซี่โครงหมู,  รากผักชี,  กระเทียม,  พริกไทย,  หอมแดง,  คนอร์,  ซอสปรุงรสฝาเขียว,  ซีอิ๊วขาว,  น้ำมันหอย,  น้ำตาลปี๊ป",,มีซี่โคร่งหมูได้มาจากไแตลาดมาเมื่อวาน ทำอะไรกินดี ,,
ซุปไก่อย่างง่าย,"น่องไก่, มันฝรั่ง, แครอท, หอมใหญ่, มะขือเทศสีดา, เกลือสมุทร, น้ำซุป, ซอสปรุงรส",,มี น่องไก่ มัน แครอท หอมหัวใหญ่ เกลือ มะเขือเทศ อยากจะทำเมนูให้คนป่วยกิน ทำอะไรกินดี,,
ซุปเห็ด,"น้ำสต๊อก, เห็ดแชมปิยอง, หอมใหญ่, น้ำตาลทราย, เกลือ, พริกไทย, เนยจืด, แป้งสาลี, นมสด, ใบพาร์สลีย์",,มีเห็ด แป้ง นมสด หอมใหญ่ แป้ง ไก่ หมู ทำเมนูอะไรดี,,
แซนด์วิชเนื้อย่างอะโวคาโด,"เนื้อวัว, อะโวคาโด, ขนมปัง, เกลือ, น้ำมันมะกอก, เลมอน, วัตถุดิบซอสยากินิคุ, โชยุ, มิริน, สาเก, น้ำตาลทรายแดง, น้ำผึ้ง, กระเทียม, ขิง, แอปเปิล, หอมใหญ่, น้ำส้มสายชู, งาขาว, น้ำมันงา, น้ำมัน, พริกไทย",,อยากกินแซนด์วิช อร่อยๆ เนื้อเยอะๆ ขนมปัง เกลือ น้ำผึ้ง น้ำส้มสายชู ขิง แอปเปิ้ล,,
แซนด์วิชสลัดไข่ต้มยางมะตูม,"ไข่ไก่, น้ำสลัดครีม, ขนมปัง, เนย, ผักคอส, แคร์รอต, อะโวคาโด, มะเขือเทศ, เบคอน, เกลือ, พริกไทย",,วันนี้รีบยามเช้า อยากกินอะไรไวๆ ในตู้เย็นตอนนี้มี ไข่ น้ำสลัด ผัก แครอท อะโวคาโด เบคอน เกลือ พริกไทย ทำอะไรกินได้บ้าง,,
แซนวิช​โบราณ​หมูหยองน้ำสลัด,"น้ำตาลทราย, นมข้นหวาน, น้ำส้มสายชู​, มายองเนส, ดอกเกลือ, ไข่แดง​, พริกไทย​, สีผสมอาหาร, ขนมปัง, โบโลน่า, หมูหยอง, น้ำมัน",,อยากกินอะไรที่นึกถึงอดีต นมข้น น้ำส้มสายชู ไข่ พริกไทย ผักคอส ขนมปัง หมูหยอง ,,
ดัลโกนามัทฉะลาเต้,"ผงชาเขียว, น้ำร้อน, น้ำตาล, วิปครีม, นมสด",,มีน้ำตาล ผงมัทชะ นม น้ำตาล อยากกินชาเขียว ไขมันน้อย,,
โดนัทจิ๋ว,"แป้งอเนกประสงค์, น้ำตาลทราย, เนยละลาย, เบคกิ้งโซดา, ผงฟู, ผงโกโก้, ไข่ไก่, นมสด, กลิ่นวนิลา, ท๊อปปิ้ง, ช๊อคโกแลต ,อัลมอนด์",,มีแป้ง น้ำตาล ไข่ไก่ เนย อัลมอนด์ อยากทำขนมหวาน,,
ต้มข่ากระดูกหมูอ่อนใบพาย,"กระดูกหมูอ่อน,  หอมหัวใหญ่,  เห็ด,  มะเขือเทศ,  ข่า,  ตะไคร้, ใบมะกรูด, พริกขี้หนู,  พริกแห้ง,  ผักชีฝรั่ง,  รากผักชี,  น้ำปลา,  มะนาว",,มีกระดูกอ่อน หอมหัวใหญ่ เห็ด พริก ตะไคร้ ข่า มะเจือเทศ แครรอท ไก่ ทำเมนูอะไรดี,,
ต้มข่าไก่,"สะโพกไก่, เห็ดฟาง, หัวกะทิ, หางกะทิ, ข่าอ่อนหั่น, ตะไคร้, ใบมะกรูด, น้ำปลา, พริกแดง, มะนาว",,มีไก่ เห็ด หมู กะทิ น้ำปลา มะนาว ทำอะไรกินดี อยากกินอะไรเผ็ดๆ เป้นแกง,,
ต้มจับฉ่ายน่องไก่,"น่องไก่, ผักโขม, กะหล่ำปลี, ขึ้นฉ่าย, หัวไชเท้า, แครอท, กวางตุ้ง, เห็ดหอม, รากผักชี, พริกไทย, กระเทียม, ซอสปรุงรส, ซีอิ๊วขาว, เกลือป่น, ซอสหอยนางรม, น้ำตาลปี๊บ, น้ำมัน, น้ำเปล่า",,มีน่องไก่ ผัก กะหล่ำ แครอท เห็ด ขึ้นฉ่าย ทำเมนูแกงๆ ที่กินกันได้ทั้งครอบครัว,,
ต้มจืดเต้าหู้อ่อน,"เต้าหู้ไข่,  หมูสับ,  คนอร์,  ผักกาดขาว,  ต้นหอม, ขึ้นฉ่าย, น้ำเปล่า,  ซีอิ๊วขาว,  พริกไทยเม็ด",,อยากทำอาหารที่เด้กๆกินได้ อร่อย มี หมูสับ เต้าหู้ แครรอท ผักกาด ,,
ต้มจืดแรดิชหมูสับ,"หมูสับ,  ลูกแรดิช,  แครอท,  ต้นหอม,  ผักชี,  รากผักชี,  ซีอิ๊วขาว,  เกลือ, เล็กน้อย, น้ำเปล่า,  กระเทียม",,ได้แรดดิชมาเยอะมาก เลยอยากทำเมนูอาหารที่ใช้แรดดิชให้หมด,,
ต้มแซ่บกระดูกหมู,"ซี่โครงหมู,  เห็ดฟาง,  ตะไคร้,  หอมแดง,  ข่า,  น้ำมะขามเปียก,  พริกขี้หนู,  พริกป่น,  พริกแห้ง,  ข้าวคั่ว,  เกลือ,  น้ำปลา,  ใบมะกรูด,  มะเขือเทศ,  ผักชีฝรั่ง,  น้ำเปล่า",,อยากกินอะไรแซ่บๆ มีเห็ด ตะไคร้ ซี่โคร่ง ข้าวคั่ว มะเขือเทศ กินแล้วนึกถึงอีสานบ้านเฮา,,
ต้มแซบไก่,"ไก่,  ตะไคร้,  ข่า,  ใบมะกรูด,  ต้นหอม,  ผักชีฝรั่ง,  มะนาว,  พริกขี้หนู,  ผงปรุงรส,  น้ำปลา  ",,อยากกินต้มแซ่บไก่ เหมาะกับคนแซ่บๆแบบเรา,,
ต้มแซ่บเนื้อ,"เนื้อวัว, ตะไคร้, หอมแดง, ข่า, รากผักชี, เกลือ, ต้นหอม, ผักชีฝรั่ง, น้ำมะขามเปียก, น้ำมะนาว, พริกขี้หนู, น้ำตาลทราย, น้ำปลา, น้ำเปล่า",,มีไก่่แล้วก้ต้องมีเนื้อ ตะไคร้ หอมแดง น้ำตาล มะน่าว มะกรูด มาทำอาหารอร่อยๆ ,,
ต้มแซบเอ็นข้อไก่,"เอ็นข้อไก่,  ตะไคร้,  ข่า,  ใบมะกรูด,  ต้นหอม,  ผักชีฝรั่ง,  พริกจินดา,  ผงปรุงรส,  น้ำปลา,  มะนาว",,อยากเอาเอ็นข้อไก่มาทำอาหาร อร่อยๆ แซ่บๆ ใส่พริก ใส่ต้นหอม,,
ต้มเนื้อเปื่อย,"เนื้อน่องวัว,  ตะไคร้,  ใบมะกรูดฉีก,  หอมแดง,  เห็ดออรินจิ,  พริกขี้หนู,  ตั้งโอ๋,  เกลือ,  ผงปรุงรส,  น้ำปลา,  น้ำมะขามเปียก",,อยากกินต้มเนื้อเปื่อย เพราะมีเนื้อน่องลายอยู่,,
ต้มผักกาดดองใส่กระดูกหมู,"กระดูกหมู,  ผัดกาดดอง,  กระเทียม,  เกลือ,  น้ำ",,อยากกินต้มๆ ใส่ผักกาดดอง อร่อยๆ,,
ต้มยำขาหมู,"ขาหมูเผา, ข่า, ตะไคร้, ใบมะกรูด, พริกขี้หนู, มะนาว, คนอร์, น้ำปลา, เกลือ, น้ำสะอาด, ผักชี",,มีขาหมู ข่า ตะไคร้ ใบมะกรูด มะนาว เกลือ ผักบุ้ง มะเขือเทศ  ทำเมนูที่แบบแซ่บๆ ,,
ต้มยำซี่โครงหมู สูตรใส่คนอร์,"ซี่โครงหมู,  หอมแดง,  ข่า, ตะไคร้, ใบมะกรูด,  เกลือ,  น้ำปลา,  คนอร์,  เห็ดฟาง,  น้ำมะนาว,  พริกขี้หนู,  พริกป่น,  ต้นหอม ผักชี,  ผักชีฝรั่ง",,อยากินต้มๆ มีข่า ตะไคร้ ใบมะกรูด และใส่ซี่โครงหมูเยอะๆ,,
ต้มยำทะเลน้ำใส,"กุ้ง,  ปลาหมึก,  ตะไคร้,  หอมแดง,  ข่าอ่อน,  พริกขี้หนู,  น้ำมะขามเปียก,  มะนาว,  น้ำปลา,  ผักชีฝรั่ง,  ต้นหอม,  ใบมะกรูด,  น้ำเปล่า,  คนอร์,  มะเขือเทศ",,ในตู้เย็นมี กุ้ง ปลาหมึก หอมแดง ตะไคร้ ข่า พริก มะนาว ทำอะไรกินได้บ้าง ,,
ต้มยำน้ำใสหมูสับ,"หมูสับ,  เห็ด, ข่า,  ตะไคร้,  ใบมะกรูด,  พริกสด,  น้ำมะนาว, ตามชอบ, เกลือ,  คนอร์,  น้ำปลา, น้ำสะอาด  น้ำตาล,  ผักชี",,อยากกินอะไรเผ็ดๆ ใช้หมูสับ เห็ด ข่า ตะไคร้ ใบมะกรูด ,,
ต้มยําปลากระป๋อง,"น้ำเปล่า, ข่า, ตะไคร้, ใบมะกรูด, หอมแดง, เห็ดนางฟ้า, ปลากระป๋อง, น้ำปลา, น้ำตาลทราย, พริกขี้หนู, น้ำมะนาว, ใบสะระแหน่",,อยากกินต้มยำปลากระป๋อง ใส่ข่าหั่นแว่น ใส่หอมแดงเยอะๆ,,
ต้มยำปลากะพงน้ำใส,"ปลา, ตะไคร้, ข่าหั่นแว่น, ใบมะกรูด, หอมแดง, น้ำปลา, น้ำมะนาว, พริกขี้หนู, ใบกะเพรา, น้ำเปล่า, ซุปก้อน",,มีปลากะพง ตะไคร้ หอม มบมะกรุด ข่า อยากเอามาทำอาหาร แซ่บๆ คาร์บน้อย ,,
ต้มยำปลาช่อน,"ปลา,  ตะไคร้,  ข่า,  ใบมะกรูด,  พริกขี้หนูสวน,  พริกแห้ง,  มะนาว,  เกลือ,  ใบกระเพรา,  น้ำตาลทราย",,ได้ปลาช่อนมาใหม่ อยากทำอาหารที่อร่อยๆ เผ็ดๆ,,
ต้มยำรวมมิตรน้ำใสใบกะเพรา,"น้ำเปล่า,  ตะไคร้,  ข่า,  ใบมะกรูด,  ไก่,  กุ้ง,  ปลาหมึก,  ผงปรุงรส,  เกลือ,  น้ำปลา,  มะนาว, พริกขี้หนู, ใบกะเพรา, น้ำมันพริกเผา,  เห็ดออรินจิ,  หอมแดง",,มีกุ้ง ปลาหมึก เห็ด เอา ขิง ข่า ตะไคร้ ใบมะกรุด ไก่ มะนาว เอามาทำอาหารแส่บๆ,,
ต้มยำหมูเด้งน้ำข้น,"หมู,  ตะไคร้,  ข่า,  หอมแดง,  กระเทียม,  พริก, นมข้น,  ใบมะกรูด,  มะนาว,  มะเขือเทศ, เห็ดออรินจิ, น้ำปลา, น้ำตาล, น้ำพริกเผา,  น้ำมันพริกเผา,  ผักชีฝรั่ง, น้ำ",,"อยากกินอาหารที่ทำมาจาก หมู,  ตะไคร้,  ข่า,  หอมแดง,  กระเทียม,  พริก, นมข้น,  ใบมะกรูด,  มะนาว ",,
ต้มเล้งแซ่บ,"กระดูกหมู, น้ำสะอาด, เกลือ, กระเทียม, รากผักชี, พริกไทย, พริกขี้หนู, น้ำมะนาว, น้ำปลา, ผักชีฝรั่ง",,มีกระดูกเล้ง  พริก มะนาว อยากกินอะไรเผ็ดๆ,,
ต้มเลือดหมู,"เลือดหมู, หมูสับ, เนื้อหมู, ตับหมู, เต้าหู้, ตำลึง, ตั้งฉ่าย, ซุปก้อน, คึ่นฉ่าย, น้ำเปล่า, น้ำปลา, ซอสปรุงรส",,ได้เลือดหมูมาเยอะมาก อยากเอามาทำเมนูต้มๆ ใส่ตำลึง ตับหมู เนื้อหมู,,
ต้มหน่อไม้หวานซี่โครงหมู,"หน่อไม้,  ซี่โครงหมู,  กุ้งแห้ง,  รากผักชี,  กระเทียม,  พริกไทยเม็ด, คนอร์",,อยากกินหน่อไม้หวานๆ เอามาทำเมนูอาหารอร่อยๆ,,
ตับหมูผัดใบโหรพา,"ตับหมู,  พริกชี้ฟ้า,  หอมใหญ่,  โหระพา,  กระเทียม,  พริกกะเหรี่ยง,  น้ำมันหอย,  ซอสปรุงรส,  น้ำตาลทราย,  พริกไทย,  น้ำปลา,  น้ำมัน",,ได้ตับหมูมาเยอะมาก อยากทำอาหารที่ยกระดับเมนูนี้ เช่นใส่พริก หอมใหญ่ ซอสน้ำมันหอย เพื่อทำให้อร่อยขึ้น,,
ตีนไก่ใต้น้ำ,"ตีนไก่, น้ำปลาร้า, น้ำปลา, ผงปรุงรส, หอมแดง, กระเทียม, ข่า, ตะไคร้, ใบมะกรูด, ผักชี, ต้นหอม, น้ำ, พริกจินดา",,อยากกินตีนไก่ แต่เบื่อต้มเล่งตีนไก่ แล้วอยากทำเมนูอื่นแทน ที่ใช้น้ำปลาร้า กระเทียม หอมแดง ตะไคร้ ,,
ถ้วยทองยำส้มโอ,"กุ้ง, ส้มโอ, หัวกะทิ, น้ำมะนาว, น้ำปลา, น้ำตาลมะพร้าว, น้ำพริกเผา, ใบมะกรูด, ผักชี, หอมเจียว, กระเทียมเจียว, แป้งสาลีอเนกประสงค์, แป้งข้าวเจ้า, น้ำเปล่า, น้ำปูน, ไข่แดง, เกลือป่น, น้ำมันพืช",,เพิ่งได้ส้มโอมาจากสวนข้างบ้าน อยากทำอะไรแซ่บๆ ใส่พริก ใส่น้ำตาล กุ้งแห้ง เพิ่มอรรถรสในการกิน ,,
ทองหยอด,"น้ำตาลทรายขาว, น้ำเปล่า, น้ำกลิ่นมะลิ, ไข่แดง, แป้งข้าวเจ้า, แป้งมัน, ควันเทียน, ไข่เป็ด",,ช่วงนี้ดอกมะลิแถวบ้านออกผลอยากนำเอามาปรุงรสอาหาร ใส่น้ำตาล ใน่ไข่ แป้ง จะสามารถทำเมนูอะไรได้บ้าง,,
ทอดมันปลากราย,"ปลากราย, ถั่วฝักยาว, ไข่ไก่, พริกแกง, ใบมะกรูด, น้ำตาล, เกลือ, น้ำปลา, น้ำมัน, น้ำแข็ง",,อยากกินทอดมันปลากราย จากเนื้อปลากรายอร่อยๆ,,
ทูน่าคอร์นสลัด,"ผัก, น้ำสลัด, ทูน่ากระป๋อง, สับปะรด",,มีทัู้น่ากระป่องเยอะมาก อยากเอามาทำสลัด ,,
เทนชินฮัง,"เนยจืด, โชยุ, น้ำสต๊อกไก่, น้ำตาลทราย, เกลือ, พริกไทย, น้ำส้มสายชู, น้ำมันงา, แป้งมัน, ปูอัด, ไข่ไก่, มายองเนส, ซุปดาชิ, เกลือ, พริกไทย, น้ำมันพืช, ข้าวญี่ปุ่น, ถั่วฃ",,มีไก่ มิริน โชยุ ซุปดาซิ ไก่ ข้าว ถั่ว ปูอัด ไข่เยอะมาก อยากทำเมนูที่มีกลิ่นไอเหมือนญี่ปู่น แต่อรรอยกว่านั้นมาก,,
โทสต์อะโวคาโดไข่ดาวน้ำ,"ขนมปัง, ไข่ไก่, อะโวคาโด, มะเขือเทศ, หอมแดง, น้ำเลมอน, ผักชี, เกลือ, พริกไทย, ชีส, เนยเค็ม",,ได้อโวคาโดมาจากแม่สอด อยากเอามาทำอาหาร อร่อยๆ กินยามเช้่ ใส่มะเขือเทศ หอมแดง น้ำเลมอน เพิ่มเพื่อความนัวของอโวคาโด มีชีสยิ่งดีแน่ๆเลน,,
นมน้ำผึ้งอุ่น,"นมจืด, น้ำผึ้ง",,อยากกินนมอุ่นก่อนนอน,,
นมเย็นชมพู,"น้ำหวาน, นมข้นหวาน, นมข้นจืด, น้ำแข็ง",,รู้สึ฿กช่วงนี้ร้อนๆทำอะไรกินดี ที่บ้านมี นม ขนมปัง น้ำแดง นมข้นหวาน เยลลี่ ส้ม ทำอะไรกินดีน้า,,
น้ำกระชายน้ำผึ้งมะนาว,"กระชาย, มะนาว, น้ำสะอาด, น้ำผึ้ง",,ได้กระชายสดๆมาจาหท่านชาย อยากเอามาทำเครื่องดื่มีบกระหาย รสชาติหวานกำลังดี ถุกคอ,,
น้ำเต้าหู้,"ถั่วเหลือง, น้ำสะอาด",,ดึกแล้วๆ อยากกินน้ำเต้าหู้ ,,
น้ำเต้าหู้งาดำ,"ถั่วเหลือง, ใบเตย, งาดำ, น้ำเปล่า",,มีงาดำ ใบเตย ถั่วเหลือง ฟักทอง เต้าหู้ทำอะไรกินดีเพื่อเป็นขนมหวานตบท้ายมื้ออาหาร,,
น้ำแตงโมปั่น,"เนื้อแตงโม, น้ำเชื่อม, น้ำแข็ง",,อากาศร้อนๆ อยากกินแตงโมปั่นนน,,
น้ำผัดไทยสำเร็จรูป #ซอสมะขาม (เก็บใว้ใช้ ได้นาน),"มะขามเปียก,  น้ำตาลปี๊บ,  น้ำปลา,  น้ำพริกเผา,  ซอสพริก",,มีวัตถุดิบเหลือๆ พวกน้ำมะขามเปียก น้ำตาล น้ำปลา พริกเผา ซอสพริก ซอสหอย สามารถเอาไปทำอะไรต่อได้บ้าง,,
น้ำพริกกากหมู,"มันหมู,  พริกป่น,  น้ำตาลทราย,  เกลือ,  กระเทียมเจียว,  หอมเจียว,  น้ำมันหมู,  คนอร์",,มีมันหมู พริก น้ำตาล เกลือ กอมเจียว กระเทียม สามารถเอามาทำเมนุอะไรได้บ้าง,,
น้ำพริกปลาแซลมอน,"แซลมอน, หอมแดง, กระเทียม, พริกชี้ฟ้า, พริกขี้หนู, น้ำตาลทราย, น้ำมะนาว, น้ำปลา",,อยากกินน้ำพริกอร่อยๆ แกลมๆโดยเรามีแซลมอนมาฝาก ใส่พริกเยอะ ๆน้ำมะนาวเพิ่มเปรี้ยว น้ำปลาเพิ่มเค็ม,,
น้ำพริกปลาร้า,"พริกชี้ฟ้า,  หอมแดง,  กระเทียม,  ปลาร้า,  น้ำเปล่า,  มะนาว",,อยากกินน้ำพริกปลาร้า,,
น้ำพริกเผาผัดหมูสับ,"พริกแห้ง, หอมแดง, กระเทียม, น้ำมัน, หมูสับ, น้ำสะอาด, น้ำตาลปี๊บ, น้ำปลา, มะขามเปียก",,มีพริิกแห้งเยอะมาก หอมแดง กระเทียม และอยากให้เป็นเมนูที่ใส่หมูสับเยอะๆๆ,,
น้ำพริกมะอึก,"มะอึก,  พริกขี้หนู,  หอมแดง,  กระเทียม,  กะปิ,  น้ำตาลปี๊บ,  น้ำปลา,  มะนาว,  กุ้ง",,มีมะอึก พริก หอมแดง กะปิ กระเทียม ทำอะไรกินดี,,
น้ำพริกอ่อง,"มะเขือเทศ, หมูสับ, พริกแห้ง, กระเทียม, หอมแดง, กะปิ, เกลือ, น้ำตาล, น้ำมัน, ต้นหอม, น้ำ",,มีมะเขือเทศ เนื้อมหูติดมัน ต้นหอม กะปิ เกลือ หอมแดง พริก กระเทียม อยากกจะทำอาการที่คาร์บน้อยไ ,,
น้ำพริกอ่องอกไก่คลีน,"อกไก่,  พริกแห้ง,  หอมแดง,  กระเทียม,  เกลือ, น้ำตาลมะพร้าว,  น้ำมันมะกอก,  มะเขือเทศ",,มีอกไก่สัล พริก หอม กระเทียม ทำเมนูอะไรที่มีรสเผ็ดนำ,,
น้ำส้มปั่น,"ส้ม, เกลือ, น้ำเชื่อม, น้ำมะนาว, แครอท, น้ำแข็ง",,ได้ส้มมาเยอะมากทำเมนูอะไรดี ,,
น้ำสลัดครีมซีฟุ้ด,"มายองเนส, กระเทียม, พริกขี้หนูสวน, ผักชี, โหระพา, น้ำปลา, น้ำตาล, น้ำมะนาว, เกลือ",,มีมายองเนส กระเทียม น้ำปลา โหระพา ทำเมนูอะไรดี ที่คาร์บน้อย ,,
น้ำสามเกลอทะลายไขมัน,"พุทธา, มะตูม, กระเจี๊ยบ​, น้ำกรอง, เกลือ",,มี พุทธา น้ำแดง งาดำ มะตูม กระเจี้ยบ เกลือ อยากทำน้ำอร่อยๆ แนะนำหน่อย,,
บราวนี่ สูตรนี้ขอบอกว่าเข้มข้นถึงใจ,"แป้งสาลีอเนกประสงค์, ผงฟู, ดาร์กช็อคโกแลต, ไข่ไก่, น้ำตาลทราย, เนยเค็ม, ผงโกโก้, กลิ่นวนิลา, เกลือ",,อยากทำบราวนี่ ที่ทำง่ายๆ พิชิตใจแฟน  รสชาติเข้มข้น ใช้ ดาร์กช้อค,,
บราวนี่มัก ,"เนยละลาย, น้ำเปล่า, เกลือ, ผงโกโก้, น้ำตาลทราย, แป้งอเนกประสงค์, ไอศกรีมช็อกโกแลต, อัลมอนด์, น้ำตาลไอซิ่ง",,อยากทำขนมง่ายๆ ใส่ในถ้วย ใส่ในมัก ใช้แป้ง ผงโกโก้ ไข่ เนย เกลือ,,
บลูเบอร์รี่ชีสพาย,"แครกเกอร์, น้ำตาลทราย, เนยละลาย, บลูเบอร์รี่, ครีมชีส, น้ำตาลทราย, เกลือ, นม, ไข่, น้ำมะนาว",,อยากทำขนมง่ายๆ ฐานกรอบทำมาจากแครกเกอร์ ตรงกลางเ็นครีมชีส แล้วด้านบนเป็นผลไม้อะไรก็ได้,,
บะหมี่ไข่ตุ๋นไมโครเวฟ,"บะหมี่, เครื่องปรุงรสหมู, น้ำเปล่า, ไข่ไก่, ปูอัด, ไส้กรอก, หมูสับ, ต้นหอม",,อยากกินไข่ตุ๋นทำง่ายๆใช่ไมโครเวฟ,,
บานอฟฟี,"แครกเกอร์, เนยเค็ม, กล้วยหอม, น้ำตาลทราย, วิปปิ้งครีม, วิปปิ้งครีม, ผงโกโก้",,อยากกกินขนมหวานที่ใช้ กล้วย เนย แครกเกอร์ วิปปิ้งครีม ผงโกโก้,,
บาเยีย,"ถั่วเขียว, น้ำมัน, แป้งอเนกประสงค์, ลูกผักชี, ยี่หร่า, ผงกะหรี่, ผงขมิ้น, น้ำตาล, เกลือ, พริกไทย, ผงฟู, ต้นหอม, พริกแห้งทอด, ถั่วลิสง, น้ำมะขามเปียก, น้ำตาลปิ๊บ, น้ำตาลทราย, น้ำเปล่า, ซอสพริก, พริกป่น",,"มี ถั่วเขียว, น้ำมัน, แป้งอเนกประสงค์, ลูกผักชี, ยี่หร่า, ผงกะหรี่, ผงขมิ้น, น้ำตาล ทำอะไรได้บ้าง",,
เบคอนคัพไข่ชีส,"ไข่ไก่ออร์แกนิค, เบคอน, ชีส, ต้นหอม, เกลือ, พริกไทย",,อยากกินเบคอน ไข่ ชีส ต้นหอม ทำเมนูอร่อยๆเด็กกินได้ ผู้ใหญ่กินดี ,,
เบคอนชีสทอด,"เบคอน, ชีส, เกล็ดขนมปัง, แป้งทอดกรอบ, ไข่",,อยากกินเบคอน ชีส ไข่ เอามาทำอาหารอ้วนๆ อร่อยๆ,,
เบอร์เกอร์หมูชุ่มฉ่ำ,"เนื้อหมู, หอมหัวใหญ่, เนยเค็ม, ซอสมะเขือเทศ, ผงโอริกาโน่, พริกไทย, น้ำตาลทราย, ซอสหอยนางรม, ไข่แดง, ขนมปัง, มะเขือเทศ, หัวหอมใหญ่, ผัก, มายองเนส, ชีส",,มีหมู หอมหัวใหญ่ เนย ซอสมะเขือเทศ ขนมปัง อยากทำอาหารอร่อยๆ ของคาว,,
ปลาซาบะนึ่งมะนาว,"ปลาซาบะ,  พริก,  กระเทียม,  มะนาว,  ขึ้นฉ่าย,  ซีอิ๋วขาว,  น้ำอุ่น",, ได้ปลาซาบะมา อยากเอามาทำอาหาร,,
ปลาทูต้มมะดัน,"ปลาทู,  พริกขี้หนู,  หอมแดง,  ข่า,  ตะไคร้,  มะนาว,  ผักชีฝรั่ง,  ใบมะกรูด,  มะดัน,  เกลือ,  น้ำปลา,  น้ำเปล่า",,มีมะดัน แซลมอน ปลาทู มะนาว ใบมะกรุด ตะไคร้ เกลือ ทำอาหารเมนูต้มๆ,,
ปลานึ่งสมุนไพร,"ปลาทับทิม, เกลือ, ตะไคร้, หอมแดง, กระเทียม, ข่า, ใบมะกรูด, น้ำเปล่า, ผักกาดขาว, ต้นหอม, ผักชี",,ที่บ้านมีปลา ตะไคร้ หอมแดง กระเทียม ข่า ใบมะกรุด อยากเอามาทำอาหารเฮลตี้ๆ,,
ปลาร้าทอดทรงเครื่อง,"ปลาร้า,  หอมแดง, กระเทียม,  พริกขี้หนู,  พริกแห้ง,  แป้งทอดกรอบ, คนอร์, น้ำมัน",,ได้ปลาร้ามา อยากเอามาทำอาหารคาว,,
ปลาหมึกย่าง,"ปลาหมึก, ซีอิ๊วดำ, ผงขมิ้น, น้ำปูนใส, กระเทียมสับ, รากผักชี, พริกแดง, น้ำตาลปี๊บ, เกลือ, น้ำปลา, น้ำมะนาว",,ไปตกหมึกมา อยากทำอะไรกินง่ายๆ ได้รสชาติของปลาหมึกแท้ๆ ,,
ปลาหิมะนึ่งซีอิ๊ว,"ปลา, เห็ดหอม, ขิงอ่อน, ต้นหอม, พริกชี้ฟ้า, ซีอิ๊วขาว, โชยุ, น้ำตาลทราย, น้ำมันงา, เหล้าจีน, น้ำเปล่า, พริกไทยป่น",,อยากกินปลาหิมะนึ่งซีอิ๊ว,,
ปังกรอบเนยน้ำตาล,"ขนมปัง, เนยสด, น้ำตาลทราย",,มีขนมปังเก่าที่เก็บไว้ ช้อกโกแลต กล้วย เนย นมข้นหวาน น้ำตาล ทำเมนูอะไรดี,,
ปีกไก่ทอดน้ำปลา,"ปีกไก่, น้ำปลา, แป้งสำหรับทอด, น้ำมัน, ซีอิ้วขาว",,อยากทำอาหารที่เด็กๆจะชอบกัน ใช้ปีกไก่ น้ำปลา แป้งทอด ไข่ ,,
ปีกไก่ทอดไร้น้ำมัน,"ปีกไก่, น้ำปลา, เกลือ",,อยากทำปีกไก่ที่ไม่ต้องใช้น้ำมัน,,
ปูผัดผงกะหรี่,"ผงกะหรี่, ไข่ไก่, กระเทียม, ซอสหอยนางรม, ซอสพริก, ซีอิ๊วขาว, น้ำพริกเผา, น้ำตาลทราย, พริกไทยป่น, นมสด, น้ำซุป, ปู, น้ำมัน, หอมใหญ่, ขึ้นฉ่าย, ต้นหอม, พริกแดง",,มีผู้ที่ได้มา อยากเอามาทำอาหาร ตอนนี้ที่บ้านมีไข่เค็ม ผงกะหรี่ ขิง ข่า ตะไคร้ ใบมะกรุด ซอสต่างๆ เนื้อปู สามารถทำเมนุอะไรได้บ้าง,,
ผักกาดขาวผัดไข่,"ผักกาดขาว,  ไข่ไก่,  กระเทียม,  น้ำมันหอย,  น้ำปลา",,มีผักกาดขาว ไข่ เหลือไว้อยู่ ทำเมนูอะไรได้บ้าง,,
ผักโขมอบชีส,"ผักโขม, หอมใหญ่, แฮม, เนย, แป้งอเนกประสงค์, นมสด, เกลือ, พริกไทย, ชีส",,มีชีสเยอะมาก ผักโขม หอมใหญ่ ข้าวสวย ,,
ผักบุ้งผัดน้ำมันหอย,"ผักบุ้ง, กระเทียม, เต้าเจี้ยว, น้ำมันหอย, น้ำตาล, พริกขี้หนู",,อยากกินผักบุ้งเผ็ดๆ,,
ผัดกระเพราไก่-ไข่ดาว,"เนื้อไก่,  กระเทียม,  พริกขี้หนู,  เห็ดออรินจิ,  ใบกะเพรา,  น้ำมันหอย,  น้ำปลา,  น้ำตาลทราย,  ซีอิ๊วขาว, น้ำมันพืช",,มีใบกะเพราะเยอะมาก เห็ด ไก่  น้ำมันหอย น้ำปลา,,
ผัดกระหล่ำปลีหมูสับ,"กะหล่ำปลี, หมูสับ, กระเทียบ, น้ำมัน, ซีอิ๊วขาว, ซอสหอยนางรม, น้ำตาลทราย",,อยากกิน ผัดผักคลีนๆ ใส่ กะหล่ำ หมูสับ,,
ผัดกะเพราพริกแห้งรสจัดจ้านกับไข่ดาว,"หมูสับ,  พริกแห้ง,  หัวหอมแดง,  กระเทียม,  ใบกะเพรา,  ผงปรุงรส,  น้ำตาลทราย,  น้ำเปล่า,  ไข่ไก่,  น้ำมันพืช,  น้ำมัน,  น้ำ",,อยากกินกะเพราอร่อยๆ พริกแห้งเยอะๆ,,
ผัดกะเพราหมูสับไข่ดาว,"ซอสผัดกะเพรา, หมูสับ, ใบกะเพรา, ไข่ไก่, น้ำสะอาด",,อยากกินกะเพรา หมุสับ เผ็ดๆ,,
ผัดขี้เมาอกไก่,"อกไก่, กระเทียม, พริกไทย, ใบกะเพรา, ใบมะกรูด, แครอท, ข้าวโพดอ่อน, พริกชี้ฟ้าแดง, น้ำตาลทราย, น้ำมันหอย, น้ำปลา",,"อยากกกินอกไก่, กระเทียม, พริกไทย, ใบกะเพรา, ใบมะกรูด, แครอท, ทำเมนูอร่อยๆ เผ็ดๆ",,
ผัดไข่มดแดง,"ไข่มดแดง,  ไข่ไก่,  ต้นหอม,  กระเทียม,  พริกชีฟ้า,  มะเขือเทศสีแดง,  น้ำมันหอย, ซีอิ๊วขาว, ผงปรุงรสรสหมู, น้ำมันพืช",,มีไข่มดแดงเยอะมากก อยากเอามาทำผัดๆ,,
ผัดคะน้าหมู,"หมูสามชั้น, ผักคะน้า, พริกขี้หนู, กระเทียมใหญ่, น้ำมันหอย, น้ำตาลทราย, เต้าเจี้ยว, ซอสปรุงรส",,อยากกินผัดผักง่ายๆ ใส่คะน้า ใส่หมู รสชาติเค็มๆ,,
ผัดฉ่าหมู,"หมู, พริกชี้ฟ้า, ใบกะเพรา, พริกไทย, ยอดมะพร้าว, พริกขี้หนู, มะเขือเปราะ, น้ำปลา, พริกแกงเผ็ด, น้ำตาลทราย, ใบมะกรูด",,"อยากกินอาหารที่ พริกขี้หนู, มะเขือเปราะ, น้ำปลา, พริกแกงเผ็ด, น้ำตาลทราย, ใบมะกรูด ",,
ผัดชะอมวุ้นเส้นหมูสับ,"วุ้นเส้น,  ชะอม,  เนื้อหมู,  กระเทียม,  น้ำตาลทราย,  ซอสปรุงรส,  ซอสหอยนางรม",,อยากกินผัดชะอม ใส่วุ้นเส้น กระเทียม ไม่ค่อยหวาน,,
ผัดซีอิ๊ว + สอนเทคนิคผัดเส้นระดับโปร ♥️,"เส้นใหญ่, หมูหมัก หรือ เนื้อมัก, คะน้า, ไข่ไก่, ซีอิ๊วขาว",,อยากกินผัดซี้อิ้ว หมูเยอะๆๆๆๆ,,
ผัดซีอิ้วเส้นใหญ่,"น้ำมัน, กระเทียม, หมูหมัก, เส้นใหญ่, ซีอิ้วดำ, คะน้า, กระหล่ำปลี, แครอท, ไข่เป็ด, ไข่ไก่, ผงปรุงรส, น้ำตาลทราย, ซอสหอยนางรม, ซอสปรุงรส, พริกไทย",,มีเส้นใหญ่ อยากเอามาทำผัดอะไรสักอย่าง ใส่ไข่ด้วยเยอะๆ ,,
ผัดดอกกุยช่ายกุ้ง,"ดอกกุยช่าย, กุ้ง, น้ำเปล่า, ซอสหอยนางรม, ซีอิ๊วขาว, น้ำตาลทราย, กระเทียม, น้ำมันพืช",,ได้ดอกกุ่ยช่ายมา อยากเอามาทำอาหาร ใส่กุ้งเยอะๆ กระเทียมด้วยเพื่อเพิ่มความอร่อย,,
ผัดไทย (มีสูตรน้ำซอส),"เส้นเล็ก, ไข่ไก่, ถั่วงอก, ผักกุ๋ยช่าย, เต้าหู้, หัวไซโป้ว, กุ้งแห้ง, กระเทียม, กระเทียม, หอมแดง, น้ำมันพืช, ซอสพริก, ซอสมะเขือเทศ, น้ำตาลปี๊บ, น้ำมะขามเปียก, น้ำเปล่า, เกลือ",,เส้นเล็ก ไจ่ ถั่วงอก น้ำมัน กุ้งแก้ง ไจ่ น้ำตาล ซอสมะเขือเทศ ทำอาหารอะไรดี อยากให้ใช้วัตถุดิบนี้ทั้งหมด,,
ผัดบวบใส่ไข่,"บวบ, ไข่ไก่, น้ำมัน, กระเทียม, ซอสหอยนางรม, ซีอิ๊วขาว, น้ำตาลทราย, ผงปรุงรส",,มีบวบ ไข่ กระเทียม ซอสหอย เอามาทำอาหารอะไรดี ,,
ผัดเปรี้ยวหวานหมู,"เนื้อหมู, หอมหัวใหญ่, แตงกวา, มะเขือเทศ, กระเทียม, ต้นหอม, ซอสปรุงรส, น้ำตาล, ซอสมะเขือเทศ, ซอสหอยนางรม",,อยากกินอาหารที่อร่อยๆ รสชาติกินง่าย เด็กๆชอบ เปรี้ยวๆ หวานๆ ทำมาจากหมู หอมหัวใหญ่ ,,
ผัดผักบุ้งหมูสับ,"หมูบด,  กระเทียม,  พริกแดง,  ซีอิ๊วขาว,  น้ำมันหอย,  น้ำมันพืช,  น้ำเปล่า,  ผักบุ้ง,  น้ำตาล",,อยากกินผัดบุ้ง ใส่หมู  กระเทียม น้ำมันหอย,,
ผัดเผ็ดไก่บ้าน,"ไก่, พริกแกง, น้ำมันพืช, ใบมะกรูด, ใบกะเพรา, น้ำปลา, ซอสปรุงรส, น้ำตาล",,อยากกินผัดเผ็ดไก่บ้าน,,
ผัดเผ็ดไก่หน่อไม้ดอง,"เนื้ออกไก่, หน่อไม้ดอง, พริกชี้ฟ้า, กระเทียม, ใบโหระพา, น้ำปลา, น้ำตาล, น้ำมันหอย, น้ำเปล่า",,มีไก่ พริก หน่อไม้ทพอะไรกินได้บ้าง,,
ผัดพริกแกงคั่วไก่ใบยี่หร่า,"สะโพกไก่,  พริกแกง,  กะทิ,  กะปิ,  น้ำตาลปี๊ป,  ใบยี่หร่า,  ใบมะกรูด,  น้ำปลา,  น้ำเปล่า",,มีพริกแกงคั่วกลิ้ง กะปิ กะทิ น้ำตาล ไก่ ทำอะไรกินดี,,
ผัดพริกแกงถั่วฝักยาวหมู,"เนื้อหมู, พริกแกงเผ็ด, ถั่วฝักยาว, ผงปรุงรส, น้ำปลา, น้ำตาลทราย, ใบมะกรูด, น้ำเปล่า, น้ำมัน",,อยากกินถั่วฟักยาว เผ็ดๆ รสจัดๆ ,,
ผัดพริกแกงลูกชิ้นถั่วฝักยาว,"ลูกชิ้น,  ถั่วฝักยาว,  ใบโหระพา,  พริกแกง,  ซอสหอยนางรม,  น้ำตาล, น้ำมัน",,มีลูกชิ้นเยอะมาก อยากเอามาทำอาหาร,,
ผัดพริกแกงหมูสับถั่วฝักยาว,"หมูสับ, น้ำพริกแกงเผ็ด, ถั่วฝักยาว, น้ำมัน, น้ำตาลทราย, น้ำปลา",,มีหมูสับ มีพริกแกง ถั่วฟักยาว อยากทำอาหารอร่อยๆ,,
ผัดพริกแกงหมูใส่มะเขือเปราะ,"น้ำมัน,  กระเทียม,  เนื้อหมู,  พริกชี้ฟ้า,  พริกแกง,  มะเขือเปราะ,  ใบมะกรูด,  มะเขือพวง,  น้ำปลา,  น้ำเปล่า,  น้ำตาล,  น้ำมันหอย",,มีหมู มีพริกแกง มะเขือเปราะ ทำอาหารอะไรได้บ้าง,,
ผัดพริกไก่โหระพา,"ไก่,  พริกแกง,  พริกขี้หนู,  กระเทียม,  ใบโหระพา,  เกลือ,  ผงปรุงรส,  น้ำตาลทราย,  ซีอิ๊วดำ,  น้ำมันพืช,  น้ำเปล่า",,"อยากกินอาหารที่ทำจาก ไก่,  พริกแกง,  พริกขี้หนู,  กระเทียม,  ใบโหระพา",,
ผัดพริกหยวกหมู,"เนื้อหมู, พริกหยวก, หอมใหญ่, น้ำมันหอย, น้ำตาลทราย, ซีอิ้วขาว",,"มี พริกหยวก, หอมใหญ่, น้ำมันหอย, หมู ทำอะไรดี ขอคาร์บน้อย",,
ผัดฟักทอง,"ฟักทอง, ไข่ไก่, น้ำเปล่า, กระเทียม, ซีอิ๊ว, พริกไทย, ใบโหระพา, น้ำมัน",,มีฟักทอง ไข่ กระเทียม ทำอะไรดี,,
ผัดฟักทองใส่ไข่ นิ่ม ฟิน,"ฟักทอง,  ไข่ไก่,  น้ำตาล,  น้ำปลา,  แมกกี้, ซอสหอยนางรม,  กระเทียม",,อยากกินฟักทองใส่ไข่เยอะๆๆ,,
ผัดมะเขือยาวหมูสับ,"มะเขือยาว,  หมูสับ,  พริกขี้หนู,  โหระพา,  น้ำมันหอย,  น้ำตาล,  ซอสปรุงรส,  เต้าเจี้ยว",,มีมะเขือยาว มีหมูสับ  มีพริก โหระพา ทำเมนูอะไรดี,,
ผัดมะเขือยาวหมูสับโหระพา,"หมูสับ, ใบโหระพา, มะเขือยาว, น้ำมัน, กระเทียม, พริกแดง, ซอสหอยนางรม, เต้าเจี้ยว, ซีอิ๊วขาว, น้ำตาลทราย, คนอร์",,อยากกินมะเขือยาว โหระพาเยอะๆๆ,,
ผัดมาม่าคอหมูย่างไข่ดาว,"คอหมู, ไข่เป็ด, พริกจินดา, แคร์รอต, กระเทียม, กะหล่ำปลี, บะหมี่กึ่งสำเร็จรูป, ผงหมัก, น้ำมันหอย, บะหมี่กึ่งสำเร็จรูป",,มีเส้นมาม่า มีสันคอหมู  กะหล่ำ เห็ด อยากทำอาหารยามดึก อิ่มๆ ,,
ผัดยอดมะพร้าวอ่อนใส่หมูสับ,"หมูสับ,  ยอดมะพร้าว,  น้ำมันหอย,  ซีอิ้วขาว,  ซอสปรุงรส,  น้ำตาลทราย,  กระเทียม,  พริกขี้หนูสวน,  ใบกะเพรา,  น้ำมันสำหรับผัด,  น้ำเปล่า,  พริกไทยป่น",,มียอดมะพร้าวอ่อน หมูสับ ซิ้อิ้ว ข้าว ทำอะไรกินดี ,,
ผัดวุ้นเส้น,"วุ้นเส้น, เนื้อหมู, ไข่ไก่, หอมใหญ่, มะเขือเทศ, กระเทียม, ต้นหอม, แครอท, กะหล่ำปลี, น้ำตาล, น้ำมันหอย, น้ำปลา, พริกไทย, ผักชี, น้ำมัน",,อยากกินผัดวุ้นเส้น,,
ผัดสะตอกุ้งหมูสับ,"กุ้ง,  หมูสับ,  สะตอ,  พริกจินดา,  พริกขี้หนู,  กระเทียม,  พริกชี้ฟ้า,  กะปิ,  น้ำปลา,  น้ำตาลทราย,  มะนาว,  น้ำมันพืช,  น้ำมันหอย",,มีสะตอ กุ้ง หมู พริก มะนาว อยากกินเผ็ดๆ,,
ผัดหน่อไม้ใบโหระพา,"หน่อไม้,  อกไก่,  กระเทียม,  พริกขี้หนู,  พริกชี้ฟ้า,  ใบโหระพา,  ซีอิ๊วขาว",,มีหน่อไม้ ใบโหระพา อกไก่ กระเทียม พริกขี้หนู อยากกินที่อร่อยๆ,,
ผัดหมี่เบตง,"หมี่,  หมูบด, หมูแดง, กุนเชียง, ฮือก๊วย,  ผักคะน้า, ต้นหอม, ผงปรุงรสหมู,  น้ำมันหอย,  น้ำตาลทราย,  น้ำซุป,  กระเทียม,  น้ำมัน,  น้ำเปล่า,  ซีอิ้วดำ",,มีหมี่เบตง หมู กุนเชียง  ผักคะน้า,,
ผัดหอยลายใบโหระพา,"หอยลาย,  กระเทียม,  พริกขี้หนู,  ใบโหระพา,  น้ำเปล่า,  เต้าเจี้ยว,  ซอสหอยนางรม,  น้ำปลา",,มีหอยลาย กระเทียม พริกขี้หนู ใบโหระพา อยากกินอาหารอร่อยๆเค็มๆ,,
ผัดหอยลายพริกเผาใส่นมข้นจืด,"หอยลาย,  กระเทียม,  พริก,  ใบโหระพา,  น้ำพริกเผา,  น้ำปลา,  นมข้นจืด,  น้ำเปล่า",,อยากกินหอยลาย กระเทียม พริกแดง พริกเผา เอามาทำอาหาร,,
ผัดเห็ดรวมน้ำมันหอย,"เห็ดออรินจิ,  เห็ดฟาง,  เห็ดนางฟ้า,  กระเทียม,  น้ำมันพืช,  ซีอิ้วขาว,  น้ำตาลทราย,  น้ำมันหอย,  น้ำเปล่า,  ต้นหอม,  พริกไทย,  พริกชี้ฟ้า",,มีเห็ดเยอะมากกก อยากเอามาทำอาหารอร่อยๆ,,
ผัดเห็ดรวมสารพัดประโยชน์,"เห็ด,  กระเทียม,  พริกขี้หนู,  โหระพา,  ซอสหอยนางรม,  ซีอิ้วขาว,  น้ำตาลทราย,  น้ำมัน",,มีเห็ดนางรม เห็ดโคน กระเทียม พริกขี้หนู อยากเอามาทำอาหาร ให้หมด,,
เผือกหิมะ,"เผือก,  น้ำตาลทราย,  เกลือ,  ใบเตย,  น้ำมัน, น้ำเปล่า",,มีเผือก น้ำตาล เกลือ ใบเตย ทำขนมหวาน ,,
พริกหยวกผัดไข่,"พริกหยวก,  ไข่ไก่,  น้ำตาล,  น้ำปลา,  น้ำมัน,  น้ำเปล่า,  กระเทียม",,มีพริกหยวก ไข่ อยากทำอะไรเผ็ดๆกิน ,,
พะแนงหมู,"หมู, น้ำพริก, กะทิ, ถั่วฝักยาว, ใบมะกรูด, พริกชี้ฟ้า, น้ำตาล, น้ำปลา",,มีหมู กับน้ำพริกพแนง ขอรสชาติกำลังดี ,,
พะโล้ไข่เป็ดต้มแซ่บ,"น้ำ, ปีกไก่, ไข่เป็ด, รากผักชี, อบเชย, โป๊ยกั๊ก, น้ำตาลมะพร้าว, น้ำปลา, เกลือ, มะนาว, พริกขี้หนู, พริกจินดา, ผักชี",,อยากกินพะโล้ แต่อยากให้เผ็ดๆแซ่บๆ ใส่พริก มะนาว ไปเพิ่ม,,
พิซซ่าไข่ขาว,"ไข่ขาว, ควินัว, ซอสพิซซ่า, ชีส, พริกหวาน, มะเขือเทศ, เห็ด, ใบโหระพา",,อยากกินพิซซ่า แต่แบบสุขภาพดี ใส่ไข่ขาว ควินัว มะเขือเทศ ทำอะไรกินดี,,
มะม่วงไม่รู้หาว มะนาวไม่รู้โห่,"มะม่วงหาวมะนาวโห่, น้ำตาลทรายแดง, เกลือ, น้ำเปล่า, ใบเตย",,อยากกินอะไรที่เปรี้ยวๆ ทำด้วยมะม่วงหาวมะนาวโห่,,
มักกะโรนีอบชีส,"มักกะโรนี, น้ำเปล่า, นมข้นจืด, ชีส",,มีมักกะโรนี ชีส อยากกินแบบเมนูเด็กอ้วน,,
มันบดกระเทียมย่าง,"มันฝรั่ง, กระเทียม, น้ำมัน, เกลือปรุงรส, พริกไทยปรุงรส, ลูกจันทน์, ครีม, เนย,เกรวี่มิกซ์, ครีม, น้ำสะอาด",,มีมันฝรั่ง กระเทียม น้ำมัน เกลือ ครีม ทำอะไรกินดี,,
มันบดอบชีส,"มันฝรั่ง, นมสด, ครีม, มอสซาเรล่าชีส, เชดด้าชีส, เกลือ, พริกไทยดำ, เนย",,อยากกกิยมันบดอบชีสส อร่อยๆเยิ้มๆ,,
มาม่าต้มยำไข่ตุ๋น,"มาม่า, ไข่ไก่, กุ้งขาว, ข่า, ตะไคร้, ใบมะกรูด, ผักชีฝรั่ง, ผงปรุงรส, น้ำเปล่า",,อยากกินมาม่า ไข่ไก่  กุ้ง เหมาะสำหรับมื้อดึก,,
มาม่าผัดไข่,"มาม่า, ไข่, กะหล่ำปลี, ซอสหอยนางรม, รสดี, น้ำตาล",,มีไข่ กับเส้นมาม่า ทำอะไรได้บ้าง ,,
เมอแรงค์,"ไข่ขาว, น้ำตาลทราย, แป้งข้าวโพด, เกลือ, กลิ่นวนิลา",,อยากกินขนมหวานแบบผู้ดี มีไข่ น้ำตาบ แป้งข้าวโพด,,
เมี่ยงคำ,"น้ำตาลมะพร้าว, น้ำเปล่า, กะปิ, ข่า, ถั่วลิสง, มะพร้าว, ใบชะพลู, มะพร้าวซอยคั่ว, กุ้งแห้ง, ขิง, หอมแดง, พริกขี้หนู, มะนาว",,อยากอีสเมี่ยงคำ,,
เมี่ยงปลาทู,"ปลาทู, พริกขี้หนู, กระเทียม, ขนมจีน, เส้นหมี่, ผักกาดขาว , โหระพา, ผักชี, สะระแหน่, กระเทียมไทย, พริกขี้หนู, ถั่วตัด, น้ำมะนาว, น้ำเชื่อม, น้ำปลา, เกลือ",,มีปลาทู พริกขี้หนู กระเทียม ขนมจีน เส้นหมี่ ผักกาด ,,
ยำกุ้งสด ปลาร้ายั่ว,"กุ้ง, พริก, น้ำตาล, น้ำมะนาว, น้ำปลา, น้ำปลาร้า, มะนาว, หอมแขก, ผักชีฝรั่ง",,อยากกินยำยั่วๆอร่อยๆ กุ้งเยอะๆ พริกเยอะกว่า,,
ยำกุนเชียง,"กุนเชียง,  มะเขือเทศ,  หอมใหญ่,  แตงกวา,  พริกขี้หนู,  น้ำตาลทราย,  น้ำมะนาว,  น้ำปลา,  น้ำส้มสายชู",,มีกุนเชียง มะเขือเทศ แตงกวา หอมใหญ๋ อยากทพเมนูที่เปรี้ยว เผ็ดถึง,,
ยำไก่ (อาหารเหนือ),"ไก่, พริก, น้ำปลา, ผักชี, ต้นหอม, ผัก, ตะไคร้, น้ำ, ใบมะกรูด",,มีไก่ พริก น้ำปลา ผักชี ต้นหอม ตะไคร้ ทำอะไรได้บ้างขอคาร์บน้อย,,
ยำไก่แซบ,"เนื้อไก่, แป้งทอดกรอบ, หอมแดง, หอมหัวใหญ่, ข้าวคั่ว, พริกป่น, น้ำตาลทราย​, คนอร์, ต้นหอม​, น้ำปลา",,มีไก่ หอมแดง ข้าวคั่ว พริกป่น คนอร์ ,,
ยำขนมจีน,"ขนมจีน, ปลาทู, ถั่วฝักยาว, ต้นหอม, กระถิน, พริกขี้หนู, น้ำปลาร้าต้มสุก, น้ำมะนาว, น้ำตาลปี๊บ, น้ำปลา, พริกป่น",,มีขนมจีน ปลาทู ถั่วฟักยาวต้นหอม เมล็ดกระถิน ทำอะไรกินได้บ้าง,,
ยำไข่มดแดงสุดแซ่บ,"ไข่มดแดง,  ต้นหอม,  ผักชี,  สะระแหน่,  หัวหอมแดง,  พริกป่น,  น้ำปลา,  ผงชูรส,  ข้าวคั่ว,  พริกชี้ฟ้า,  มะนาว",,ไข่มดแดง ต้นหอม ผักชี สะระแหน่ ขาวคั่ว ทำอาหารแซ่บๆ ,,
ยำไชโป๊ว,"พริกขี้หนู,  หัวไชโป๊ว,  หอมแดง,  น้ำปลา,  น้ำตาล,  มะนาว",,มีหัวไชโป้ว พริกขี้หนู อยากกินอะไรเผ็ด เปรี้ยว,,
ยำปลากระป๋องทรงเครื่อง,"ปลากระป๋อง,  ตะไคร้,  หอมแดง,  ผักชี,  ใบโพระพา,  ใบมะกรูด,  พริกขี้หนู,  มะนาว",,อยากกินยำปลากระป๋อง หอมแดง ผักชี ใบมะกรูด,,
ยำปลาไข่ทอดกรอบ,"ปลาไข่,  ดอกอัญชัน,  แป้งโกกิ,  เกล็ดขนมปัง,  ไข่ไก่,  น้ำพริกเผา,  น้ำปลา, พริกขี้หนู,  หัวหอม",,มีปลาไข่ ดอกอัญชัน แป้งโกกิ น้ำพริกเผา อยากเอามาทำอาหาร ,,
ยำมะเขือยาวกุ้งแห้ง,"มะเขือยาว,  กุ้งแห้ง, พริกแดง,  หัวหอม,  ต้นหอม,  กระเทียม,  มะนาว,  น้ำปลา, น้ำตาลทราย,  หมูบด,  ผักชี",,"มีมะเขือยาว,  กุ้งแห้ง, พริกแดง,  หัวหอม ทำอะไรกินดี",,
ยำมะเขือยาวเผาไข่ต้ม,"มะเขือยาว,  หมูสับ,  ไข่ต้ม,  หัวหอม,  พริกขี้หนู,  น้ำปลา,  น้ำตาล,  น้ำมะนาว,  ใบมะกรูด",,มีมะเขือยาว หมูสับ หัวหอมแดง พริกกขี้หนู อยากเอามาทำอาหารอร่อยๆ คาร์บน้อย,,
ยำมะม่วงแบบง่ายมาก,"มะม่วง, หอมแดง, น้ำปลา, น้ำตาลทราย, ข้าวคั่ว, พริกป่น",,อยากอีสยำมะม่วงแบบง่าย อร่อยๆ,,
ยำมาม่าหมูยอหมูสับ,"มาม่า, หมูยอ, หมูบด, มะเขือเทศ, หอมใหญ่, ผักชี, น้ำมะนาว, พริกขี้หนู, น้ำซุป, น้ำตาลทราย, น้ำปลา",,มีหมูยอ มาม่า หมูบด มะเขือเทศ หอมใหญ่ อยากกินยำ,,
ยำแมงกะพรุน,"แมงกะพรุน, พริกขี้หนู, กระเทียมไทย, น้ำปลา, น้ำตาลปี้บ, มะนาว, หอมใหญ่, ถั่ว",,อยากกินยำ ใส่แมงกระพรุน น้ำปลาเยอะๆๆๆ,,
ยำเล็บมือนาง,"เล็บมือนาง,  ต้นหอม,  ผักชี,  หอมใหญ่,  มะเขือเทศ,  พริกจินดา,  มะนาว,  น้ำปลา,  น้ำตาล,  เกลือ",,มีเล็บมือนาง ต้นหอม หอมใหญ่ มะเขือเทศ มะนาว น้ำตาล เกลือ ทำเมนูอะไรดี ,,
ยำส้มโอ,"ส้มโอ, กุ้งลวก, มะพร้าวขูด, ถั่วลิสง, หอมแดง, พริกชี้ฟ้า, ใบมะกรูด, ใบทองหลาง, พริกแห้ง, หอมแดง, กระเทียม, น้ำตาลปี๊บ, น้ำปลา, น้ำมะขามเปียก",,มีส้มโอ กุ้งลวก อยากทำยำใส่มะพร้าวเยอะๆ,,
ยำสลัดอะโวคาโดกุ้ง,"อะโวคาโด, กุ้ง, กรีนโอ๊ก, เรดโอ๊ก, ไอซ์เบิร์ก, ผักคอส, แตงกวา, มะเขือเทศ, น้ำสลัดครีม, พริกขี้หนู, ผักชี, น้ำมะนาว, น้ำปลา, น้ำตาลปี๊บ",,อยากลองกินอโวคาโดในรูแปบบอื่นบ้าง ใส่ กุ้ง พริก พัก แตงกวา,,
ยำอกไก่ฉีก ,"อกไก่,  น้ำเปล่า, แตงกวา,  มะเขือเทศ,  หัวหอมแดง,  เกลือ,  มะนาว,  พริกขี้หนู,  น้ำเชื่อม,  ขึ้นฉ่าย,  พริกป่น,  น้ำตาลทราย",,อยากกินอกไก่ฉีกแบบเผ็ดๆ มีพริกป่น ขึ้นฉ่าย นำ้ตาล มะนาว เกลือ,,
โยเกิร์ตโฮมเมด,"นมสด, โยเกิร์ต, ถั่ว, มะม่วง, น้ำผึ้ง, บลูเบอร์รี่",,มี นมใกล้บูด กับโยเกิร์ต สตอเบออรี่ ทำอะไรกินดี,,
ลาบมาม่า,"มาม่า, หมูสับ, ผักชี, หอมแดง, หอมใหญ่, ข้าวคั่ว, พริกป่น, น้ำตาลทราย, น้ำมะนาว, น้ำปลา, ผักชี",,มีมาม่า หมูสับ ผักชี หอมแดง ทำอาหารอะไร,,
ลาบหมู,"หมูสับ, น้ำเปล่า, ต้นหอม, ใบสะระแหน่, ผักชี, หอมแดง, พริกป่น, น้ำปลา, น้ำมะนาว, ข้าวคั่ว, น้ำตาล, พริกแห้ง",,อยากอีสลาบหมู เผ็ด พนิกป่นเยอะๆ น้ำปลา มะนาว,,
ลาบหมูทอด,"หมูสับ,  น้ำตาล,  น้ำปลา,  น้ำมะนาว,  ผงปาปริก้า,  ข้าวคั่ว,  ต้นหอม,  แป้งทอดกรอบ,  น้ำมัน",,มี หมู น้ำมัน แป้งทอดกรอบ พริก มะนาว น้ำปลา อยากกินแบบใหม่ๆ เอาไปทอด,,
วิธีทำเต้าส่วน,"ถั่วเขียว, น้ำเปล่า, น้ำตาลทราย, เกลือ, หัวกะทิ, แป้งท้าวยายม่อม, แป้งมัน, น้ำเปล่า",,มีถั่วเขียว น้ำเปล่า เกลือ น้ตาล แป้ง กะทิ ใบเตย อยากเอามาทำขนมหวาน,,
วุ้นกะทิมะพร้าวน้ำหอม,"น้ำมะพร้าว, น้ำเปล่า, เนื้อมะพร้าวอ่อน, หัวกะทิ, ผงวุ้น, น้ำตาลทราย, เกลือ",,อยาเอาน้ำมะพร้าวน้ำหอมมาแปรรูปเป็นวุ่น ใส่กะทิ เพิ่มไปด้วย,,
วุ้นเส้นผัดไข่,"วุ้นเส้น,  มะเขือเทศ,  ต้นหอม,  ผักกาดขาว,  ไข่ไก่,  ซีอิ๊วดำ,  น้ำมันหอย,  น้ำเปล่า,  กระเทียมไทย,  น้ำมันพืช",,อยากกิน วุ้นเส้น แต่เอาไปทำอาหารกับมะเขือเทศ ผักกาด ไข่ขาว ซีอิ้ว ,,
สตูไก่ สูตรไม่ใส่เครื่องเทศ,"สะโพกไก่,  เกลือ,  พริกไทย,  มันฝรั่ง,  แครอท,  แป้งสาลี,  น้ำมัน,  เนย,  กระเทียม,  หอม,  ผงปรุงรส,  ซอสมะเขือเทศ",,อยากกินสตูไก่,,
สปาเก็ตตี้ขี้เมาทะเล,"ใบกะเพรา, เส้นสปาเก็ตตี้, เห็ด, เนื้อหมู, กุ้ง, ปลาหมึก, ผัก, พริก, กระเทียม, ซอสหอยนางรม, ซีอิ๊วขาว, น้ำปลา, ซีอิ๊วดำ, น้ำตาล, น้ำมัน",,มีใบกะเพรา เห็ด เส้นสปาเก็ตตี้ ะริก กระเทียม กุ้ง ทำเมนูเผ็ด เค็ม อร่อย ,,
สปาเก็ตตี้คาโบนาราไข่เค็ม,"เส้นสปาเกตตี้, ครีม, เบคอน, หอมหัวใหญ่, กระเทียม, ชีส, ไข่แดง, เกลือ, พริกไทย, พาร์สลีย์",,มีเส้นสปาเก็ตตี้เหลือจากครั้งที่แล้ว นอกจากนี้ได้ไปซื้อวัตถุดิบเพิ่ม เบคอน ครีม หอมหัวใหญ่ ชีส ไข่แดง ,,
ส้มตำข้าวโพด ฉบับมือใหม่หัดแซ่บ,"แครอท, มะละกอ,, ข้าวโพด,  ถั่วฝักยาว,  ถั่วลิสง,  น้ำตาลปี๊บ,  น้ำปลา,  เกลือ,  น้ำมะนาว,  พริกขี้หนู, กระเทียม,  มะเขือเทศ, กุ้งแห้ง",,มีข้าวโพด แครอท มะละกอ ถั่ว กระเทียม พริก กุ้งแห้ง อยากกินส้มตำนัวๆ,,
ส้มตำถาดแซลมอน,"เนื้อปลาแซลมอม, มะละกอ, มะเขือเทศ, น้ำมะนาว, พริกแดง, ผักชี, น้ำปลาร้า, น้ำตาลปี๊บ, น้ำปลา",,มีแซลมอน มะละกอ มะนาว พริก ทำอาหารอะไรดี,,
ส้มตำทอด,"มะละกอ,  แป้งโกกิ,  น้ำเปล่า,  กระเทียม,  พริกขี้หนู,  น้ำปลา,  น้ำตาลปี๊บ,  มะนาว,  มะเขือเทศ,  ถั่วฝักยาว,  กุ้งแห้ง, ถั่วลิสง",,มีมะละกอดิบ แป้ง น้ำ น้ำตาล มะนาว มะเขือเทศ กุ้ง ถั่ว ,,
ส้มตำผลไม้,"ข้าวโพด, สับปะรด, แอปเปิล, ฝรั่ง, ส้มโอ, ลูกพลับ, มะเขือเทศ, พริกแดง, กุ้ง, ถั่วลิสง, มะนาว, กระเทียม, น้ำตาล, น้ำปลา",,อยากกินตำผลไม้ ข้าวโพด สัปปะรด แอปเปิ้ล ,,
ส้มตำหมึกสาย,"หมึก,  หอยแครง,  มะละกอ,  กระเทียม,  พริก,  มะเขือเทศ,  มะนาว,  น้ำปลา,  น้ำตาลปิ๊บ,  น้ำปลาร้า,  น้ำมะขามเปียก,  แครอท,  มะเขือ",,ในตู้เย็นมีหมึก กระเทียม พริกไทย มะละกอ มะนาว หอยแครง ,,
ส้มตำหมูยอ,"มะละกอ, มะเขือเทศ, ถั่วฝักยาว, กุ้งแห้ง, พริกแห้ง, พริกแดง, น้ำปลาร้า, น้ำตาลปีบ, น้ำปลา, น้ำมะนาว, หมูยอ, น้ำมะขามเปียก, กระเทียม",,มีหมูยอ ถั่วฟักยาว กุ้ง พริก มะนาว มะละกอ ,,
ส้มตำหอยแครง,"หอยแครง, มะละกอ, มะเขือเทศสีดา, มะเขือ, มะเขือเปราะ, น้ำมะนาว, พริกแดงจินดา, ผักชี, น้ำปลาร้า, น้ำตาลปี๊บ, น้ำปลา",,มีหอยแครงเยอะมากกกกก เอาไปทำเมนูที่เผ็ด เปรี้ยว ถึงใจ,,
สลัดทูน่ากระป๋องแบบง่าย,"ทูน่ากระป๋อง, ผัก, น้ำสลัด, มายองเนส",,"อยากจะทำอาหารที่ใช้ทูน่ากระป๋อง, ผัก, น้ำสลัด, มายองเนส ",,
สลัดผักผลไม้,"ผักกาดหอม, แครอท, กะหล่ำ, ข้าวโพด, แอปเปิ้ล, แคนตาลูป, แก้วมังกร, องุ่น, กีวี่, น้ำสลัด",,มี ผักกาด กะหล่ำ ข้าวโพด แอปเปิ้ล แคนตาลูป ทำอาหารอะไร,,
สลัดมันฝรั่งสไตล์ญี่ปุ่น,"มันฝรั่ง, หัวหอม, แตงกวาญี่ปุ่น, แฮม, มายองเนส, เกลือ, พริกไทย, แครอท, เกลือ",,"อยากกินสลัดสไตล์ญี่ปู่น โดยอยากใช้ มันฝรั่ง, หัวหอม, แตงกวาญี่ปุ่น, แฮม, มายองเนส, เกลือ",,
สลัดแร็ปผัก,"น้ำสลัด, อกไก่, เกลือ, พริกไทย, ปาปริกา, น้ำมันมะกอก, แผ่นแป้งตอติญ่า, ผักสลัด, ข้าวโพด, ลูกเดือย, หอมแขก, แครอท, ชีสพาร์เมซาน",,มีแผ่นแป้งตอติญ่า ผัก เกลือ หอม แครอท ได่ เกลือ ทำอาหารอะไรดี,,
สลัดสาหร่าย,"สาหร่ายวากาเมะ, แตงกวาญี่ปุ่น, แครอท, กรีนโอ๊ค, มะเขือเทศ, ปูอัด, อกไก่, เกลือ, พริกไทย, งาดำ, น้ำสลัด",,มีสาหร่ายจำนวนมาก อยากทำอาหารที่มันจะหมดภายในมื้อเดียว,,
สังขยาใบเตย ( สูตรโบราณ ),"ไข่ไก่, หัวกะทิ, น้ำใบเตย, น้ำตาล, แป้งข้าวโพด, เกลือ",,"อยากกินของหวาน ทำมาจากไข่ไก่, หัวกะทิ, น้ำใบเตย, น้ำตาล ",,
สาคูน้ำกะทิ,"เม็ดสาคู, กะทิ, ขนุน, เกลือ, น้ำตาลทราย, เนื้อมะพร้าว",,มีเม็ดสาคูเยอะมาก ขนุน กะทิ เกลือ ทำเมนูอะไรกินดี,,
สุกี้โรล,"เนื้อหมู, วุ้นเส้น​, แครอท, เห็ดออรินจิน, ซอสเห็ด​หอม​, พริกไทย, ผงปรุงรส​, ผักกาดขาว, ข้าวโพด",,มี หมู สุ้รเส้น แครอท เห็ด พริก ผักกาดขาว อยากทำอาหารที่รักษาสุขภาพ ไขมันน้อย,,
สุกี้หม่าล่า,"น้ำซุป, น้ำมันงา, กระเทียม, เก๋ากี้, ลูกกระวาน, ขิง, โปยกั๊ก, ตังกุย, อบเชย, พริกแห้ง, น้ำตาล, เกลือ, ซีอิ๊วขาว, น้ำพริกหม่าล่า",,มีน้ำซุป น้ำมันงา น้ำพริกหม่าล่า และเครื่องเทศต่างๆ ทำอาหารอะไรดี ที่อร่อยถูกใจ,,
เส้นแก้วผัดสุกี้แห้ง,"น้ำจิ้มสุกี้, เส้นแก้ว, กระเทียม, น้ำมันหอย, พริกไทย, หมูชิ้น, กุ้ง, ผักบุ้ง, แคร์รอต, ผักกาดขาว, ไข่ไก่, ต้นหอม, ขึ้นฉ่าย, น้ำมันพืช",,มีเส้นแก้ง ผัดดาด กุ้ง แครทอ เครื่องปรุงต่างๆ อยากทพอะาหารที่อร่อยประทับใจ,,
เส้นเล็กผัดกะเพรา,"ซอสผัดกะเพรา, เส้นเล็ก, น้ำมัน, หมูสับ, กุ้งสด, ใบกะเพรา, พริกชี้ฟ้า",,มีซี่อสผัดกะเพรา เส้นเล็ก น้ำมัน หมูสับ กุ้งสด  คาร์บน้อย แคลกำลังดี,,
เส้นหมี่ไก่ฉีกคั่วกระเทียมพริกไทย,"อกไก่, เส้นหมี่, รากผักชี, กระเทียม, เกลือ, น้ำเปล่า , กระเทียม, พริกไทย, รากผักชี, ซีอิ๊วขาว, ซอสหอยนางรม, ซอสปรุงรส, น้ำตาล, ต้นหอม, น้ำพริกกากหมู",,"อยากกินอาหารที่มีวัตถุดิบพวกนี้ อกไก่, เส้นหมี่, รากผักชี, กระเทียม, เกลือ, น้ำเปล่า , กระเทียม ทำเมนูอะไรได้บ้าง",,
ไส้กรอกข้าว,"ข้าว, หมูสับ,  หมูสามชั้น,  กุนเชียง,  เห็ดหอม,  กระเทียม,  รากผักชี,  พริกไทย,  เกลือ,  ไส้อ่อน",,มีข้าว หมูสับ หมูสามชั้น เห็ด และไส้ อยากจะทำไส้กรอกข้าวที่อร่อยที่สุดในโลก,,
ไส้กรอกซอสมะขาม,"ไส้กรอก, น้ำเชื่อม, น้ำมะขามเปียก, น้ำปลา, น้ำเปล่า, ต้นหอม, หอมเจียว",,มีไส้กรอก น้ำเชื่อม ซอสมะขาม น้ำปลา น้ำเปล่า กระเทียม ทำเมนุอะไรดี,,
หมี่ผัดไข่,"เส้นหมี่, ไข่ไก่, มะเขือเทศ, ต้นหอม, น้ำมันหอย, ซอสปรุงรส, น้ำตาล, ผงปรุงรส, น้ำเปล่า",,"อยากกินเส้นหมี่, ไข่ไก่, มะเขือเทศ, ต้นหอม อิ่มหนึ่งมื้อ",,
หมี่ฮกเกี้ยนผัด,"หมี่ฮกเกี้ยน,  กุ้ง,  ผักกวางตุ้ง,  หมู,  ไข่,  กระเทียม,  ซีอิ้วดำ,  พริกไทย, น้ำตาล,  น้ำมันหอย,  ซอสปรุงรส",,"มีหมี่ฮกเกี้ยน,  กุ้ง,  ผักกวางตุ้ง,  หมู,  ไข่,  กระเทียม ทำอาหารอะไร",,
หมูกรอบ ง่ายมาก ด้วยหมอทอดไร้น้ำมัน,"หมูสามชั้น, เกลือ, น้ำส้มสายชู",,อยากกินหมูกรอบ ที่ทำง่ายมากๆ ใช้แค่ หมู เกลือ น้ำส้มสายชู,,
หมูคั่วเค็ม,"หมู,  เกลือ,  ซีอิ๊วดำหวาน,  กระเทียมเจียว,  น้ำเปล่า",,มีหมู เกลือ ซีอิ้ว กระเทียม น้ำเปล่า ทะเมนูกินง่ายทุกช่วงวัย,,
หมูตุ๋นเห็ดหอม,"หมู,  กะหล่ำปลี,  เห็ดหอม, ซีอิ้วดำหวาน,  น้ำตาลปี๊บ,  ผงปรุงรส,  น้ำมันหอย,  สามเกลอ,  น้ำมัน,  น้ำ,  ผงพะโล้",,"มีหมู,  กะหล่ำปลี,  เห็ดหอม, ซีอิ้วดำหวาน,  น้ำตาลปี๊บ, ทำอาหารอร่อยๆ",,
หมูทอดชีสซอสมะเขือเทศ,"หมู, น้ำมันหอย, น้ำตาล, ไข่, พริกไทย, ต้นหอม, ชีส, น้ำมันพืช, เนย, หอมใหญ่, ซอสมะเขือเทศ, ซอสพริก, น้ำเปล่า, ข้าวโพด, แครอท, พริกหวาน, น้ำตาล, เกลือ, พริกไทย",,อยากกินหมูทอด ที่แปลกกว่าที่อ่น ใส่ชรส มะเขือเทศ หอมใหญ่ ,,
หมูผัดกิมจิ,"เนื้อหมู, กิมจิ, โคชูจัง, น้ำมันงา, กระเทียม, งา, เกลือ, ต้นหอม, โบโลน่า",,มีหมู กิมจิ โคชูจัง น้ำมันงา เกลือ ต้นหอม แฮม เบคอน อยากกินของคาวอร่อยๆ รสชาติเหมือนอยู่เกาหลี,,
หมูผัดขิง และ เห็ดหูหนู,"หมูสันใน,  ขิงอ่อน,  เห็ดหูหนู,  ซีอิ๊วขาว,  น้ำตาลทราย,  น้ำเปล่า,  น้ำมัน",,อยากกินเมนูที่มามาจากหมู อร่อยๆ ใส่ เห็ด ใส่ขิง ใส่ความรัก ,,
หมูผัดพริกสด,"เนื้อหมู, พริก, กระเทียม, หัวหอม, ต้นหอม, น้ำตาล, น้ำมันหอย, น้ำมัน, พริกไทย",,มีพริกขี้หนูและพริกหยวกสด หัวหอม กระเทียมทำเมนูอะไรกินได้บ้าง,,
หมูฝอย ไก่ฝอย เนื้อฝอย,"เนื้อหมู,  น้ำตาลทราย,  เกลือ,  คนอร์,  หอมแดง,  น้ำมัน",,มีเนื้อหมู เนื้อไก่ น้ำตาล เกลือ ทำอะไรได้บ้าง ขอทำง่ายๆ ,,
หมูมะนาว,"สะโพกหมู,  กระเทียม,  พริกขี้หนู,  มะนาว,  น้ำปลา,  น้ำตาลปิ้บ",,อยากกินอะไรจิ้ดๆ ทำมาจากหมู มีกระเทียม มะนาว น้ำปลา,,
หมูย่างน้ำจิ้มแจ่วหม้ออบลมร้อน,"เนื้อหมูสันคอ,  น้ำตาลทราย,  ซอสปรุงรส,  ซอสหอยนางรม,  พริกป่น,  น้ำปลา,  น้ำมะนาว,  ข้าวคั่ว,  หอมแดง,  ต้นหอม,  ผักชีฝรั่ง,  แตงกวา",,อยากกินหมูย่างแซ่บๆ พริก น้ำตาล ข้าวคั่ว ให้อร่อยถึงเครือง ,,
หมูย่างเนยจิ้มแจ่ว,"หมูสันใน,  นมจืด,  รากผักชี,  กระเทียม,  พริกไทย,  คนอร์,  น้ำตาลทราย,  เนย,  พริกป่น,  น้ำปลา,  มะนาว,  ต้นหอม,  ผักชี,  ข้าวคั่ว",,หมูสันใน นมจือด เนย น้ำตาล น้ำปลา ซอสหอย ผักชี ต้นหอม หัวหอม ข้าวคั่ว ,,
หมูย่างโบราณ น้ำจิ้มแจ่ว,"สันคอหมู, น้ำตาลปี๊บ, ซอสหอย, ซอสปรุงรส, ผงปรุงรส, ผักชี, รากผักชี, กระเทียม, พริกไทย, ซีอื้วดำ, หอมแดง, พริกป่น, ข้าวคั่ว, ผักชีฝรั่ง, น้ำตาลปี๊บ, น้ำมะนาว, ซอสปรุงรส, น้ำปลา",,อยากกินสันคอหมู อร่อยๆ  ของคาว ขออร่อยๆ อ้วนๆ มีน้ำจ้มด้วยยิ่งดี ,,
หมูสับต้มเกี่ยมบ๊วย,"บ๊วยดอง, หมูสับ, รากผักชี, ผักชี, น้ำซุป, ซีอิ๊วขาว, น้ำมันพืช",,มีบ๊วย หมุสับ รากผักชี ปลาเค็ม  ทำเมนูอะไรดี ,,
หมูสับต้มบ๊วย,"หมูสับ,  บ๊วยดอง,  น้ำบ๊วยดอง,  ซุปก้อน,  ต้นหอม",,"อยากทำอาหารที่ใช้ หมูสับ,  บ๊วยดอง,  น้ำบ๊วยดอง,  ซุปก้อน,  ต้นหอม",,
หมูสับทอดข้าวโพด,"หมูสับ,  ข้าวโพด,  รากผักชี,  กระเทียม,  พริกไทย,  น้ำมันหอย,  ซีอิ้วขาว,  ซอสปรุงรส,  แป้งทอดกรอบ,  น้ำมัน",,มี หมูสับ ข้าวโพก มันหมู พริก แครรอท ผักชี เครื่องปรุงต่างๆ อยากกินอะไรเค็มๆ หวานๆ ,,
หมูสับปั้นทอด,"หมูสับ,  รากผักชี,  กระเทียม,  พริกไทยเม็ด,  น้ำมันหอย,  ซีอิ้วขาว,  น้ำตาลทราย,  น้ำมัน",,มีหมูสับ กระเทียม ผักชี พริกไทย อยากให้ใส่กระเทียมไเยอะไ วันนนี้รู้สึอยากกินพระเทียม ,,
หมูสับผัดซีอิ๊วดำหวาน,"หมูสับ,  หอมแดง,  กระเทียม,  พริกไทย,  ซีอิ๊วดำ,  น้ำตาลอ้อย,  น้ำมัน",,อยากกินหมูสับผัดซีอิ๊ว อร่อยๆ ,,
หมูสับผัดพริกเผาไข่เค็ม,"หมูสับ,  พริกเผา,  ไข่เค็ม,  น้ำมัน,  ต้นหอม",,มีพริกเผาเหลือจากทำต้มยำ อยากเอามัดพัดกับหมู,,
หมูสับผัดหนำเลี๊ยบ,"หมูสับ,  หนำเลี๊ยบ,  ซีอิ๊วขาว,  น้ำมันหอย,  พริกไทย,  กระเทียม,  น้ำมัน,  ผงปรุงรส, น้ำตาลทราย",,อยากกินหนำเลี้ยบให้หมด  ตอนนี้มีหมูด้วยเอามาทำเมนูอะไรได้บ้าง,,
หมูสามชั้นทอดน้ำปลา,"หมูสามชั้น, น้ำปลา, พริกไทยป่น, ไข่ไก่, แป้งทอดกรอบ, น้ำเย็น",,อยากกินหมูสัามชั้น เาอมาทำอาหารอร่ยอ ๆใส่ย้ำปลา รพิกไทยน่าจะกำลังดี,,
หมูหวาน,"หมูสามชั้น, สะโพกหมู, ซีอิ้วขาว, ซีอิ้วดำ, ซีอิ้วดำหวาน, น้ำมันหอย, น้ำตาลทราย, น้ำตาลปี๊บ, หอมแดง, น้ำมัน",,อยากกินหมูหวาน,,
หอยลายผัดน้ำพริกเผา,"หอยลาย, ใบโหระพา, น้ำพริกเผา, กระเทียม, พริกขี้หนู, น้ำมันหอย, น้ำตาล, น้ำปลา",,มีหอยลาย ใบโหระพา เต็มตู้เย็น แต่เบื่อแล้วเอามาทำเมนูอะไรดี ,,
ห่อหมกทูน่ากระป๋อง,"ทูน่ากระป๋อง, น้ำเชื่อม, เครื่องแกงเผ็ด , น้ำปลา, ใบมะกรูด, ไข่ไก่, กะทิ, กะหล่ำปลี, ใบโหระพา, กะทิ, แป้งข้าวโพด, พริกชี้ฟ้า",,มีปลาทูน่ากระป๋อง น้ำเชื่อม เครื่องแกง ไข่ กะทิ กะหล่ำ,,
หุง(นึ่ง)ข้าวเหนียว ด้วยไมโครเวฟ,"ข้าวเหนียว, น้ำเปล่า",,อยากหุงข้าวเหนียว,,
อกไก่หวานไข่ยางมะตูม,"อกไก่, ซีอิ๊วหวาน, ซีอิ๊วดำ, หอมแดงซอย, น้ำตาลมะพร้าว, น้ำเปล่า, น้ำมัน, ไข่ไก่ ",,อยากกินอกไก่แบบไม่น่าเบื่อ เอามาทำอะไรกินได้บ้าง,,
อเมริกาโน่น้ำผึ้งมะนาว,"น้ำเปล่า, น้ำผึ้ง, ผงมะนาว, น้ำเปล่า, กาแฟผง, น้ำแข็ง",,อยากกินกาแฟขมๆ ใส่น้ำผึ้ง,,
อโวคาโดนมสดปั่น,"อโวคาโด, นมจืดแช่แข็ง, น้ำผึ้ง, นมจืด",,อยากกินน้ำปั่นที่สดชื่นๆ ใส่อโวคาโด ,,
ออส่วน,"หอยนางรม, แป้งมัน, ซีอิ้วขาว, พริกไทยป่น, น้ำ, น้ำมันพืช, ถั่วงอก, ต้นหอม, ผักชี, ไข่ไก่",,มีหอยนาวรม แป้ง ซี้อิ้ว ถั่วงอก ทำอาหารอะไรดีที่อร่อยๆ คาร์บน้อย,,
ไอติมกะทิ,"กะทิ, น้ำตาลทราย, แป้งข้าวโพด, กลิ่นวานิลลา",,มีกะทิเหลือในตู้เย็น เอามาทำอะไรดี,,
ไอศกรีมถั่วดำ,"ถั่วดำ, กะทิ, น้ำตาลมะพร้าว, เกลือ, ใบเตย",,มีถั่วดำ กะทิ ข้าวโพด ในตู้เย็น อยากเอามาใช้ให้หมดทำอะไรดี,,
ไอศกรีมโยเกิร์ตเยลลี่ปีโป้,"นมเปรี้ยว, เยลลี่รวมรสผลไม้",,อยากกินไอติมนมเปรี้ยว ที่ใส่เยลลี่เยอะๆๆๆ,,
ไอศครีมทอด,"ไอศครีม, ขนมปัง กระดาษฟอยล์, นมข้นหวาน, ผลไม้",,มีขนมปัง กับไอติมใหล้หมดอายุ ต้องรีบใช้ให้หมดทพเมนุอะไรดี,,
ไอศครีมมะม่วง ไม่ใส่น้ำตาล ไม่ใช่วิปครีม ส่วนผสม 2 อย่าง,"มะม่วงน้ำดอกไม้แช่แข็ง, กะทิ",,มีมะม่วงเยอะมาก เพราะช่วงนี้ออกผลว่าจะเอามาทำไอศครีมมะม่วง ,,
ฮันนี่โทสต์ Honey Toast,"ขนมปัง, เนยเค็ม, สตรอเบอร์รี่, บลูเบอร์รี่, กล้วย, น้ำผึ้ง, ไอศกรีมวนิลา, น้ำตาลไอซิ่ง, ใบสาระแหน่, วิปครีม",,อยากกินขนมปัง เนย ฉ่ำๆ โรยด้วยผลไม้เยอะๆ,,
แฮมห่อสลัดมันฝรั่ง,"มันฝรั่ง, แฮม, แครอท, แตงกวาญี่ปุ่น, ไข่ต้ม, เกลือ, พริกไทย, หอมใหญ่, น้ำสลัด",,มีแฮม มันฝรั่ง แครอท แตงกว่า ทำอาหารอะไรอร่อยๆ อิ่มๆ ดี ,,