Thai_Name,SUGAR(g),Protein(g),Fat(g),Energy(kcal) by calculation,Carbs(g),Fiber(g)
กึ๋นไก่,9.3,21.1,1.3,97,27.5,0
ก้นไก่,9.3,17,26.1,134,27.5,0
กบ,9.3,16,9.9,153,27.5,0
กระเจี๊ยบมอญ,9.3,1.5,0.2,134,27.5,1.7
กระเจียว,9.3,1.3,0.6,134,13.8,0.7
"กระชาย, ดิบ",9.3,0.3,0.4,21,27.5,0.6
กระดูกหมูอ่อน,0,16.5,10,156,0,0
กระเทียม,9.3,6.3,0.2,125,27.5,4.7
กระเทียม,1,6.4,0.5,149,33,2.1
"กระเทียม, สด",9.3,2.1,0.1,134,10.4,0.7
กระเพรา,9.3,3.3,0.4,41,27.5,4.1
กระวาน,9.3,9.5,6.3,134,69.3,0.7
กล้วย,12.2,1.1,0.3,89,22.8,2.6
กลอย,0.7,2.5,0.1,143,33.1,0.7
กลิ่นวนิลา,0,0,0,0,0,0
ก๋วยเตี๋ยวเส้นเล็ก,0,5.7,0.5,359,27.5,0.9
ก๋วยเตี๋ยวเส้นเล็กสด,9.3,4.1,1,234,27.5,0.5
ก๋วยเตี๋ยวเส้นใหญ่,9.3,2.9,1.7,155,27.5,0.7
กะทิ,9.3,1.6,14.8,134,2.1,0.7
"กะทิ, กระป๋อง",1.7,1.9,16.6,170,27.5,0.1
กะปิ,0,24.3,2.5,128,27.5,0
กะปิกุ้ง,9.3,21,1,120,27.5,0
กะปิเคย,9.3,22.1,0.8,109,27.5,0
กะหล่ำ,3.2,1.3,0.1,25,5.8,2.5
กะหล่ำปลี,9.3,1.4,0.2,134,27.5,1.6
กะหล่ำปลีม่วง,9.3,5.7,2.5,134,27.5,2.4
กั้ง,9.3,17.2,0.1,77,27.5,0
"กั้งตั๊กแตน, สด",9.3,13.7,1.1,65,27.5,0.3
"กาแฟปรุงสำเร็จรูป, ผง",40.8,9.1,6.5,389,27.5,4.5
กาแฟผงสำเร็จรูป,0,0,0,0,0,0
กุ้ง,0.2,20.3,1.7,96.5,0,0
กุ้งก้ามกราม,9.3,17.9,3.7,88,27.5,0
กุ้งกุลาดำ,9.3,17.8,0.7,78,27.5,0
"กุ้งกุลาดำ, เนื้อส่วนหัว",9.3,14.3,4.4,134,0,0.7
กุ้งกุลาลาย,9.3,5.7,2.5,134,3.8,0.7
กุ้งเคย ,9.3,12,1,61,27.5,0
กุ้งจ่อม,9.3,10.6,0.8,84,27.5,0
กุ้งแห้ง,0,75,5,330,2,0
กุนเชียง,9.3,14,33.8,134,27.5,0
กุนเชียง,5.2,12,38,420,8,0
กุนเชียงปลา,9.3,18.4,12.8,134,2.1,0.7
กุนเชียงหมู,9.3,15.1,34,134,27.5,0
กุ้ระเทียม,1,6.4,0.5,162.5,33.1,2.1
เกล็ดขนมปัง,3.2,6.2,33,342,5.5,0
เกลือ,0,0,0,0,0,0
เกาลัด,9.3,4,0.5,134,27.5,6.7
แก่นตะวันปอกเปลือก,0.9,1.6,0,134,27.5,19.2
โกโก้,1.8,19.6,13.7,370,57.9,33.2
ไก่ข้อเข่า,9.3,20.6,12.6,196,27.5,0
ไก่เชียง,9.3,14.6,39.3,134,27.5,0
ไก่ตุ๋น,9.3,18.9,10.3,180,27.5,0.5
ไก่ทั้งตัว,9.3,22.9,16.6,134,27.5,0
ไก่ยอ,9.3,11.2,25.7,134,27.5,0
ขนมจีน,9.3,1.4,0.3,103,27.5,0.3
ขนมปัง,5,9,3.2,265,49,2.4
ขนมมาร์เมลโล,34.3,6.3,13.5,134,72.9,0.7
ขนุน,9.3,5.5,0.2,153,32.2,0.7
ขนุนละมุด,9.3,1.3,0.4,134,27.1,0.7
ขมิ้นขาว,9.3,0.4,0.2,134,5.1,0.7
ข่า,9.3,1.6,0,134,11.8,0.7
ข่า,9.3,0.7,0.2,134,7.8,0.7
ขาเป็ด,9.3,12.4,11.7,181,27.5,0
ข้าวกล้อง,0.2,7.3,3,363,27.5,3.5
"ข้าวเกรียบกุ้ง, ทอด",2.4,6.8,21.3,134,27.5,1.6
ข่าวคั่ว,0.3,20.1,5.1,358,75,1.2
ข้าวคั่ว,0.3,4.1,3.7,358,75,1.2
ข้าวเจ้า,9.3,6.7,0.8,359,27.5,0.9
ข้าวบาเล่ย์,9.3,8.3,0.7,335,27.5,9.4
ข้าวโพดพันธุ์ข้าวเหนียว,1.6,4.6,4,161,27.5,3.7
ข้าวโพดหวานต้ม,6.8,2.8,5.3,107,27.5,3.3
ข้าวมันปู,9.3,7.1,2.8,355,27.5,3.9
"ข้าวเม่า, ข้าวเจ้า",9.3,7.3,2.1,134,76,0.7
ข้าวสวย,0.1,2.7,0.3,130,28,0.4
ข้าวสาลี,9.3,12.2,1.4,342,27.5,11.7
ข้าวเหนียว,0.8,8.3,3.2,365,27.5,1.9
"ข้าวเหนียว, ดิบ",9.3,6.3,0.6,354,27.5,0.5
"ข้าวเหนียว, นึ่ง",9.3,4.5,0.2,232,27.5,0.3
ข้าวเหนียวดำ,0.2,4.2,1.1,215,27.5,1.8
"ข้าวเหนียวดำ, ดิบ",9.3,7.5,2.9,350,27.5,4.9
ข้าวโอ๊ต,9.3,10.8,5.9,361,27.5,9.9
"ขิง, หั่นฝอย",9.3,0.6,0.2,134,7,0.7
ขิงแก่,9.3,1.2,0.6,134,5.9,0.7
ขิงอ่อน,9.3,0.5,0.3,11,27.5,1.4
ขึ้นฉ่าย,1.3,0.7,0.2,14,3,1.6
เขียด,9.3,15.1,2,80,27.5,0
ไข่ไก่,9.3,13,8.3,133,27.5,0
"ไข่ไก่, ไข่ขาว, ดิบ",9.3,10.2,1.1,51,27.5,0
ไข่ไก่ต้ม,9.3,13.2,8.3,138,27.5,0
ไข่ไก่อ่อน,9.3,19.8,32.5,373,27.5,0
ไข่ขาว,0.7,10.9,0.2,52,0.7,0
"ไข่เค็ม, ไข่เป็ด",9.3,13.7,9.7,180,27.5,0
"ไข่จระเข้, ดิบ",9.3,11.2,8.3,128,27.5,0
ไข่แดง,9.3,15.3,30.2,334,27.5,0
ไข่แดง,0.6,15.9,26.5,322,0,0
ไข่นกกระทา,9.3,13.7,11.6,160,27.5,0
"ไข่ปลากระบอก, เค็ม",9.3,41.7,34.8,480,27.5,0
"ไข่ปลาจะละเม็ด, ดิบ",9.3,13.6,7.7,135,27.5,0
ไข่ปลาบิน ,9.3,11.3,3.8,100,27.5,0
ไข่ปลาสลิดแห้งแดดเดียว,9.3,23,49.9,552,27.5,0
ไข่ปลาหมึก,9.3,21.6,18.1,285,27.5,0
ไข่เป็ด,9.3,13.6,11.6,162,27.5,0
"ไข่เป็ด, ไข่ขาว, ดิบ",9.3,5.7,2.5,134,27.5,0
"ไข่เป็ด, ไข่แดง, ดิบ",9.3,5.7,2.5,134,27.5,0
"ไข่เป็ด, ทั้งฟอง, ดิบ",9.3,13.9,12.2,173,27.5,0
ไข่มดแดง,9.3,7,3.2,86,27.5,0
ไข่มดแดง,9.3,8.2,2.6,74,27.5,0
ไข่แมงดา ,9.3,28,6,200,27.5,0
ไข่แมงมัน ,9.3,8.1,10.1,129,27.5,0
คนอร์,9.3,13.2,3.7,134,22.8,0.7
ครีมชีส,3.2,6.2,33,5.5,0,342
ครีมเทียม,9.3,2,36.2,560,27.5,0
คอหมู,9.3,18.4,12.8,189,27.5,0
คะน้า,0.8,2.5,0.2,29.4,4.4,1.3
คางกุ้ง,0.2,62,28,475,0,0
คางปลาหมึก,0,60,25,450,1,0
คื่นซ่าย,0.7,0.7,0.1,14,3.5,1.6
เค็มบักนัด,9.3,7.8,3.8,87,27.5,0
"เครื่องดื่มนมถั่วเหลือง, ผสมไวท์มอลต์",9.3,11.2,11.5,134,69.1,0.7
"เครื่องดื่มรสช็อกโกแลต, ผง",9.3,12,6.1,400,27.5,0
แคนตาลูป,6,0.5,0,29,27.5,0.6
แครอท,9.3,1.6,0.2,134,27.5,2.2
โครงไก่,9.3,19.1,25.3,134,27.5,0
งาขาว,9.3,20.1,51.1,134,27.5,21.4
งาขาว,0.5,18,50,573,23,11.8
งาดำ,9.3,20.6,51.9,134,27.5,15.7
งาดำ,9.3,23.3,52.1,134,27.5,15.7
งูสิง,9.3,22.9,0.3,99,27.5,0
เงาะ,9.3,6.8,28.8,397,27.8,0.7
เงาะ,9.3,1,0.1,134,17.9,0.7
จมูกข้าวสาลี,9.3,32.6,10.9,385,27.5,14.6
โจ๊กกึ่งสำเร็จรูป,2.3,9.9,1,350,27.5,0.9
ชมพู่,9.3,0.5,0,26,27.5,1.1
ช้อกโกแลต,47,7.8,30,546,61,7
ชะคราม,9.3,1.6,0.2,134,27.5,0.9
ชะอม,1.3,5.3,0.3,45.5,5.4,1.3
"ชานม, ต่อ 100 มล.",3.5,1.7,1.1,40,27.5,0
ชีส,1.4,25,33,402,1.3,0
เชดดาชีส,0,19.8,28.3,380,27.5,0
โชยุ,0.4,5.2,0.1,53,4.9,0.6
ไช้เท้า,2.2,0.5,0.1,20,4.5,1.5
ซอสปรุงรส,16.4,5.5,0,152,27.5,0
ซอสผัดไทย,27.4,2.8,7.2,222,27.5,7.3
ซอสพริก,22.5,0.8,0.7,110,27.5,0
ซอสพริกไทยดำ,16.3,4.6,0,134,33.8,0.7
ซอสพริกผสมมะเขือเทศ,40.7,0.8,0,156,27.5,2.2
ซอสมะเขือเทศ,25.8,2,0,126,27.5,1
ซอสมะเขือเทศ,3.8,1.3,0.1,20,40,0.5
ซอสมะเขือเทศผสมแครอท,7.7,2,9.4,116,27.5,1.9
ซอสมะม่วง,29.8,0.5,0.1,127,27.5,0.8
ซอสหอยนางรม,3.9,1.8,0,81,27.5,0
ซอสหอยนางรม,9.9,2.6,0.1,61,27.5,0.8
ซี่โครงหมู,9.3,18.9,14.7,134,27.5,0
ซีอิ๊วขาว,3.7,4.1,0,32,27.5,0
ซีอิ๊วขาว,4.8,3.8,0.1,47,27.5,0
ซีอิ๊วดำ,57.7,1,0,280,27.5,0
ซี้อิ้วดำหวาน,4.5,1.6,0.2,45,8,0.2
ซีอิ๊วหวาน,52.1,2.6,0,218,27.5,0
ซุปก้อน,9.3,13.2,3.7,134,22.8,0.7
ซุปก้อน รสต่างๆ,23,11.5,5.7,198,27.5,5.5
ซุปก้อนรสไก่ ,16.2,14.4,3.9,134,28.9,0.7
ซุปก้อนรสหมู,9.3,13.2,3.7,134,22.8,0.7
ซุปกึ่งสำเร็จรูป,11.6,8.6,15.1,134,55.3,0.7
ซุปน้ำดำสไตล์ญี่ปุ่น,2,1.2,0.3,25,3.5,0.1
แซลมอน,0,20,13,208,0,0
ไซรับรสส้ม,65,0,0,260,65,0
ดอกจันท์,9.3,14.2,15.4,134,48.2,0.7
ดอกไม้จีน,9.3,1.4,0.3,134,27.5,0.6
ต้นหอม,9.3,1.7,0.2,134,27.5,2.6
ต้นหอม,9.3,1.2,0.1,134,27.5,0.7
ต้นหอม,9.3,1.6,0.8,134,7.3,1.9
ต้นหอม,2.3,1.8,0.2,32,7.3,2.6
ต้นหอมญี่ปุ่น,9.3,1.6,0,134,27.5,2.5
"ตะโก, ผล",9.3,0.3,0,134,26,0.7
ตะไคร้,9.3,0.9,1.3,134,15.5,0.7
ตะลิงปลิง,9.3,0.3,0,134,2.5,0.8
ตั้งฉ่าย,0.5,3,0.5,20,3,2
ตับไก่,9.3,18.8,5.6,126,27.5,0
ตับหมู,9.3,20.2,3.8,124,27.5,0
"ตาล, จาว",9.3,2.4,0.1,134,26.3,0.7
ตีนไก่,9.3,11.8,8.3,125,27.5,0
ตีนไก่,0,19.4,10.2,179,0,0
เต้าเจี้ยวขาว,9.3,10.7,3.7,107,7.8,0.7
เต้าเจี้ยวดำ,9.3,8.2,3.4,88,6.4,0.7
เต้าหู้ขาว,0.4,7,3,134,27.5,0.9
เต้าหู้ขาว,9.3,5.1,3.1,134,27.5,1.5
เต้าหู้พวง,9.3,25.2,32,134,27.5,2.5
เต้าหู่ยี้,1,8,3,90,6,1
เต้าหู้ยี้,9.3,11.2,5.3,129,9.2,0.7
เต้าหู้เหลือง,9.3,12.2,6.2,120,4,0.7
แตงกวา,1.7,0.7,0.1,15,3.6,0.5
"แตงกวา, ดิบ",9.3,0.8,0.1,134,27.5,1.3
แตงไทย,9.3,0.2,0,134,3.2,0.7
"แตงไทยอ่อน, ดิบ",9.3,0.8,0.1,134,2.7,1.9
"แตงโมอ่อน, ดิบ",9.3,0.4,0.1,134,2.4,2.3
"แตงร้าน, ดิบ",9.3,0.4,0.1,134,27.5,1.2
ไตปลา,9.3,9.7,14.7,188,27.5,0
"ไตปลา, ปลาทู",9.3,2.6,1.7,48,27.5,0
ถั่ว,4,25,49,567,16,8
ถั่วขาว,9.3,22.4,2.3,352,60.3,0.7
ถั่วเขียว,0.1,12,1.8,134,27.5,4.3
ถั่วเขียว,9.3,23,1.6,367,55.4,0.7
ถั่วแขก,9.3,23.4,5.8,157,27.9,0.7
ถั่วงอก,0.2,1.8,0.2,30,5.3,1.8
ถั่วแดง,9.3,22.9,2.2,134,27.5,26.1
ถั่วเน่า,9.3,17.9,6.6,167,9.1,0.7
ถั่วปากอ้า,9.3,22.1,1.5,349,61.8,0.7
ถั่วแปะยี,9.3,31.1,0.8,350,54.7,0.7
ถั่วฝักดาบ,9.3,22,1.4,134,27.5,27.2
ถั่วฝักยาว,9.3,27.6,1.7,347,55.5,0.7
ถั่วพลู,1.7,2.8,0.2,38,7.2,3
ถั่วพุ่ม,9.3,24.2,2,357,60.7,0.7
ถั่วพู,9.3,34.1,15.5,424,36.9,0.7
ถั่วฟักยาว,1.5,2.8,0.3,35,7.6,2.7
ถั่วแระ,0.6,14.4,7.9,134,27.5,7.2
ถั่วลันเตา,9.3,23.6,1,341,59.4,0.7
ถั่วลันเตา,4,5,0.4,80,14.5,5.1
ถั่วลิสง,1,1.4,3.2,134,27.5,6.2
ถั่วลิสง,9.3,24.8,45.8,134,27.5,19.7
ถั่วเล็บมือนาง,9.3,18.1,1.2,345,65.3,0.7
ถั่วหรั่ง,9.3,8.4,3.8,180,28.1,0.7
ถั่วหรั่ง,9.3,7.1,2.8,160,26.5,0.7
ถั่วเหลือง,9.3,14.8,9.9,134,27.5,8.3
ถั่วเหลือง,9.3,35.9,18.1,134,27.5,21.9
เถาคัน,9.3,0.4,0.4,134,5.5,1.7
ทับทิม,9.3,0.6,0.1,134,27.5,0.7
ทุเรียนก้านยาว,9.3,2.7,3,134,27.5,1.6
ทุเรียนลวง,9.3,2.6,3.2,134,25.4,0.7
นม,9.6,3.1,3.4,83,27.5,0.5
นมข้น,8,6.4,6.6,123,27.5,0
นมช็อกโกแลต,10.7,2.9,3.4,90,27.5,0
นมถั่วเหลือง,8.3,2.9,3.3,79,27.5,0.7
นมเปรี้ยว,9.3,1.5,0.1,75,27.5,0
นมผง,41.2,19.1,17.5,458,27.5,1.8
นมผงดัดแปลง,57.4,16.4,19.4,468,27.5,2.1
นมพร่องมันเนย,6.3,4.4,1.3,52,27.5,1.1
นมพาสเจอร์ไรส์,11.2,2.6,3.5,83,27.5,0
นมรสหวาน,8,3.2,3.6,82,27.5,0
นมสดรสจืด,5.3,3.4,3.6,61,5,0
น่องไก่,9.3,18.6,6.7,135,27.5,0
น้ำกระเจี้ยบ,13.3,0,0,60,27.5,0.1
"น้ำเก็กฮวย, ต่อ 100 มล.",11.2,0,0,42,27.5,0
"น้ำขิง, ต่อ 100 มล.",7.6,0,0,28,27.5,0
น้ำแข็ง,0,0,0,0,0,0
น้ำเคยดี,0.5,14,2,90,6,1
น้ำจิ้มไก่,47,0.7,0.4,218,27.5,1.4
น้ำจิ้มสุกี้,21.1,2.7,2.2,136,27.5,1.8
น้ำเฉาก๊วย,6.9,0,0,27,27.5,0
น้ำชาเขียวสกัด,0,0,0,0,0,0
น้ำชาไทยสกัด,0,0,0,0,0,0
น้ำชุบกระดูกไก่,0.5,2,2,30,0.5,0
น้ำเชื่อม,65,0,0,260,68,0
น้ำดอกไม้,14,0.5,0.2,60,15,1.6
น้ำต้มสุก,0,0,0,0,0,0
น้ำตาล,99.8,0,0,387,100,0
น้ำตาลทรายแดง,84,0.8,0.1,134,95.5,0
น้ำตาลทรายแดง,96,0.2,0,380,98,0
"น้ำตาลปี๊บ, ผสม",83.6,0.2,0,134,93.9,0.7
น้ำตาลปึก:,94,0.1,0.1,375,94,0
น้ำตาลมะพร้าวแท้,80.1,0.9,0.1,356,27.5,0.2
"น้ำตาลสด, ต่อ 100 มล.",9.3,0.2,0,77,27.5,0
"น้ำเต้า, ดิบ",9.3,0.5,0.1,134,27.5,2.1
"น้ำนมข้าวโพด, ต่อ 100 มล.",8.2,1,0.8,45,27.5,0.7
น้ำบูดู,2.7,7.7,0.8,134,3.8,0.4
น้ำปลา,5.2,8.9,0,63,27.5,0
น้ำปลาแท้.,7,5.7,0,38,7,0
น้ำปลาผสม,2,5.7,0,12,27.5,0
น้ำปลาหวาน,30.2,4.9,0.3,256,27.5,1.8
นำ้เปล่า,0,0,0,0,0,0
น้ำผึ้ง,82.4,0.3,0,330.8,82.4,0.2
น้ำผึ้ง,82.1,0.3,0,304,82.4,0.2
น้ำผึ้ง,82.1,0.3,0,304,82.4,0.2
"น้ำฝรั่ง 100%, ต่อ 100 มล.",12.3,0.1,0,134,14.2,0.7
"น้ำฝรั่ง 25%, ต่อ 100 มล.",9.6,0.1,0,134,9.3,0.7
น้ำพริก,8,4.3,18.2,218,27.5,10.1
น้ำพริกแกงกะหรี่,9.5,5.1,10,175,27.5,13.8
น้ำพริกแกงเขียวหวาน,7.7,3.4,0.8,71,27.5,8
น้ำพริกแกงแดง,4.5,5.4,2.5,93,27.5,11.7
น้ำพริกแกงแพนง,8.7,4.6,4.5,124,27.5,10.8
น้ำพริกแกงเหลือง,3.7,6.3,1.5,111,27.5,4.7
น้ำพริกนรก,0,33.8,25.5,421,27.5,15.5
น้ำพริกเผา,26,5,23.5,396,27.5,6.3
น้ำพริกแมงดา,9.3,9.5,3.2,196,27.5,9.2
นำ้มะขามเปียก,28,2,0.4,263.6,63,5.3
น้ำมะเขือเทศ,3.6,0.7,0.2,34,27.5,0.7
น้ำมะนาว,2.5,0.4,0.2,30,10.5,2.8
น้ำมะพร้าว,5.8,0.1,0.1,28,27.5,0.1
"น้ำมะม่วง, ต่อ 100 มล.",11.7,0.2,0.2,50,27.5,0.3
"น้ำมังคุด, ต่อ 100 มล.",13.3,0.3,0,65,27.5,0.4
น้ำมัน,0,0,100,884,0,0
น้ำมันข้าวโพด,9.3,0,92.6,833,27.5,0
น้ำมันข้าวโพด,9.3,0,100,900,27.5,0
น้ำมันคาโนลา,9.3,0,89.5,806,27.5,0
น้ำมันงา,9.3,0,88.7,829,27.5,0
น้ำมันงา,0,0,100,884,0,0
"น้ำมันถั่วลิสง, ต่อ 100 มล.",9.3,0,85.4,769,27.5,0
น้ำมันถั่วเหลือง,9.3,0,90.8,817,27.5,0
น้ำมันถั่วเหลือง,9.3,0,100,900,27.5,0
น้ำมันปลา,9.3,0,99.8,898,27.5,0
น้ำมันปลาทูน่า,9.3,0,97.8,834,27.5,0
น้ำมันปาล์มโอเลอิน,9.3,0,91.3,829,27.5,0
น้ำมันปาล์มโอเลอิน,9.3,0,100,900,27.5,0
น้ำมันมะกอก,0,0,100,884,0,0
"น้ำมันมะพร้าว, ต่อ 100 มล.",9.3,0,93.5,856,27.5,0
"น้ำมันเมล็ดชา, ต่อ 100 มล.",9.3,0,88.4,797,27.5,0
น้ำมันเมล็ดดอกทานตะวัน,9.3,0,100,900,27.5,0
น้ำมันเมล็ดทานตะวัน,9.3,0,95.1,856,27.5,0
น้ำมันเมล็ดในปาล์ม ผ่านกรรมวิธี,9.3,0,96.8,871,27.5,0
น้ำมันรำข้าว,9.3,0,100,900,27.5,0
"น้ำมันรำข้าว, ผ่านกรรมวิธี",9.3,0,100,900,27.5,0
น้ำมันหมู,0,0,200,900,0,0
น้ำมันหอย,18,5,1,51,10,0
น้ำมันหอย,18,5,1,51,10,0
น้ำมันหอย,2.6,0.6,0.1,37,6.8,0.1
น้ำมันอีฟนิ่ง พรีมโรส,9.3,0,100,900,27.5,0
น้ำเย็น,0,0,0,0,0,0
น้ำร้อน,0,0,0,0,0,0
"น้ำรากบัว, ต่อ 100 มล.",8.9,0,0,134,9.3,0.7
น้ำลิ้นจี่,12.2,0.1,0,53,27.5,0
"น้ำว่านหางจระเข้, กระป๋อง, ต่อ 100 มล.",9.3,0,0.6,49,27.5,0.2
"น้ำสตรอเบอรี่ 25%, ต่อ 100 มล.",10.6,0,0,43,27.5,0.2
น้ำส้นสายชู,0,0,0,18,0.04,0
"น้ำส้ม 100%, ต่อ 100 มล.",12.2,0.7,0.1,57,27.5,0.4
"น้ำส้ม 15%, ต่อ 100 มล.",16.3,0.2,0,70,27.5,0.2
"น้ำส้ม 25%, ต่อ 100 มล.",10.5,0.1,0,39,27.5,0.4
น้ำสลัด,6,0.4,30,300,8,0
"น้ำสลัด, ครีม",21.3,1.2,45,519,27.5,0.8
"น้ำสลัด, งาญี่ปุ่น",12.8,2.4,15.1,262,27.5,2
"น้ำสลัด, ซอสญี่ปุ่น",15.8,2.8,15.3,195,27.5,1.7
น้ำสะเต๊ะ,14.5,3.6,21,289,27.5,1.7
น้ำสะอาด,0,0,0,0,0,0
"น้ำสับปะรด, ต่อ 100 มล.",13.4,0.3,0,71,27.5,0.7
"น้ำเสาวรส 25%, ต่อ 100 มล.",11.5,0.2,0,59,27.5,0.1
"น้ำองุ่น 100%, ต่อ 100 มล.",13.4,0.2,0,69,27.5,0
"น้ำองุ่น 25%, ต่อ 100 มล.",12.7,0,0,51,27.5,0.2
เนย,0.1,0.9,81,717,0.1,0
เนยขาว,9.3,5.7,96.8,134,27.5,0
เนยเค็ม,9.3,0.6,83.6,757,27.5,0
เนยจืด,9.3,0.7,83.1,752,27.5,0
เนื้อไก่,9.3,17.3,12.4,186,27.5,0
เนื้อแตงโม,6.2,0.6,0.2,30,7.6,0.2
เนื้อเป็ด,9.3,13.4,16.2,199,27.5,0
เนื้อฟักทอง,9.3,1.2,0.4,134,27.5,2.4
เนื้อมะพร้าวอ่อน,2.1,2,18,190,6.2,1.6
เนื้อวัว,9.3,20.3,4.2,119,27.5,0
เนื้อหมู,9.3,21.1,4,124,27.5,0
บล็อคโคลี่,1.7,2.8,0.4,34,6.6,2.6
บวบ,2.5,1.2,0.1,19,4,1.1
"บวบกลม, ดิบ",9.3,0.9,0.1,134,27.5,1.2
"บวบงู, ดิบ",9.3,0.9,0.1,134,27.5,2.4
"บวบหอม, ดิบ",9.3,1,0.1,134,27.5,2.1
"บวบเหลี่ยม, ดิบ",9.3,0.8,0.1,134,27.5,2.4
"บ๊วย, ดอง",9.3,0.8,0.2,134,9.6,0.7
บะหมี่กึ่งสำเร็จรูป,3.2,9.9,20.6,457,27.5,4.4
บะหมี่สด,9.3,12.7,3.3,134,54.5,0.7
บะหมี่เส้นกลม,9.3,9,33,134,51.2,0.7
บะหมี่เส้นแบน,9.3,8.4,40.7,134,46,0.7
บัตเตอร์สเปรด,9.3,0,69.6,134,0,0.7
บุกเกียง,9.3,0.2,0.2,134,4.7,1.6
เบคอน,0.6,12,42,458,1.4,0
แบะแซ,23.3,0,0,134,94,0.7
ใบขี้เหล็กอ่อน,0.6,5.1,0.3,50,8.4,3.2
ใบชะพลู,0.2,5,1.8,49,6,4.5
ใบเตย,0.3,1,0.1,33,7,1.2
ใบมะกรูด,9.3,5.5,3.1,134,21.7,0.7
ใบยอ,0.7,4.2,0.5,42,6.3,2.8
ใบย่านาง,0.5,3.1,0.4,35,5,2.1
ใบโหระพา,0.5,3.2,0.6,23,4.2,2
ปลากระบอก ,0,19.5,4,120,0,0
ปลากระป๋อง,1,17,8,164,5,0
ปลากระพง,0,20,4,124,0,0
ปลากราย,9.3,16.9,1.2,134,7.2,0.7
ปลากราย,9.3,16.2,0.8,81,27.5,0
ปลากราย,9.3,16.4,4.1,89,27.5,0
ปลากะพงแดงสั้นหางปาน,9.3,18.1,0.5,80,27.5,0
ปลากะพงปานข้างลาย,9.3,18.9,0.3,78,27.5,0
ปลาเก๋า,9.3,18.8,0.6,82,27.5,0
ปลาไข่,9.3,13.2,3.5,86,27.5,0
ปลาเค็ม,0,42,5,220,0,0
"ปลาจ่อม, ดิบ",9.3,11,1.3,78,27.5,0
"ปลาจะละเม็ดขาว, สด",9.3,19.4,6.8,134,2.6,0.7
ปลาช่อน,9.3,13.3,32.2,134,32.2,0.7
"ปลาช่อน, ต้ม",9.3,18.7,8.6,134,6.1,0.7
ปลาซ่อน,0,19,2,100,0,0
ปลาซิว,9.3,15.2,7.6,82,27.5,0
ปลาดอลลี่,9.3,10.7,1.1,53,27.5,0
"ปลาดุกอุย, ต้ม",9.3,18.2,15.5,134,4.5,0.7
"ปลาดุกอุย, สด",9.3,17.8,14.7,134,27.5,0
"ปลาตะเพียนขาว, ต้ม",9.3,19.4,10.7,134,61.3,0.7
ปลาตาโต,9.3,19.5,0.5,82,27.5,0
ปลาทู,0,20.1,5.1,145,0,0
ปลาทู,0,20.1,5.1,145,0,0
ปลาทู,0,20,10,210,0,0
"ปลาเทโพ, สด",9.3,13,7.2,134,38.8,0.7
"ปลานิล, สด",9.3,19.4,1.1,87,27.5,0
ปลาเนื้ออ่อน,9.3,16,2,83,27.5,0
ปลาไน,9.3,18.7,2.4,89,27.5,0
ปลาร้า,9.3,13,4.1,134,6.2,0.7
ปลาร้า,9.3,3.5,0.7,134,6.3,0.7
ปลาร้าต่วง,9.3,7.2,1.9,84,27.5,1.1
ปลาร้าสับ,9.3,17,5.9,134,1.4,0.7
ปลาส้ม,9.3,17.9,1.1,134,5.7,0.7
ปลาสร้อย,9.3,16.4,2.3,134,8.4,0.7
ปลาสลาด,9.3,19,0.5,86,27.5,0
ปลาสลิด,9.3,17.2,0.8,83,27.5,0
ปลาสลิดทะเล,9.3,16.9,0.1,64,27.5,0
"ปลาสวาย, ต้ม",9.3,19.4,10.8,76,27.5,0
"ปลาสวาย, สด",9.3,15,16.5,68,27.5,0
"ปลาสำลี, สด",9.3,18.6,5.3,75,27.5,0
"ปลาไส้ตัน, สด",9.3,18,0.3,134,6.4,0.7
"ปลาหมอเทศ, สด",9.3,13.5,7.5,66,27.5,0
"ปลาหมอไทย, สด",9.3,17.2,7.1,66,27.5,0
ปลาหมึก,0,15.6,1.4,79,1,0
ปลาหมึก,0,15.6,1.4,79,1,0
"ปลาหมึก, กรอบ",9.3,2.4,4.5,134,1.5,0.7
"ปลาหมึกกระดอง, สด",9.3,15.5,0.2,59,27.5,0
ปลาหมึกกล้วย,0,16.3,1.4,85,0.8,0
"ปลาหมึกกล้วย, สด",9.3,15.4,0.4,91,27.5,0
"ปลิงขาว, สด",9.3,10.5,0,44,27.5,0
ปลิงทะเล,9.3,8.7,0.3,134,27.5,0
ปอดหมู,9.3,13.7,5.8,107,27.5,0
ปีกไก่,9.3,20.6,19.8,134,27.5,0
ปู,9.3,16.2,0.8,73,27.5,0
"ปูทะเล, เนื้อ",9.3,17.3,2.5,78,27.5,0
"ปูทะเล, เนื้อ, ต้ม",9.3,17.6,2.5,91,27.5,0
"ปูนา, สด",9.3,13.1,1.1,83,27.5,0
ปูนิ่ม,9.3,9.2,0.8,51,27.5,0
ปูม้า,9.3,15.1,0.7,80,27.5,0
"ปูม้า, ดอง",9.3,15.1,0.9,81,27.5,0
"ปูแสม, เค็ม",9.3,7.5,0.3,8,27.5,0
ปูอัด,5,8,0.5,95,14,0.5
เป็ด ย่าง,9.3,20.8,22.4,134,27.5,0
แป้งโกกิ,0,5,0.4,363.6,85,0
แป้งข้าวกล้อง,9.3,8.2,2.5,371,27.5,5.2
แป้งข้าวจ้าว,0,6,0.5,365,80,1
แป้งข้าวเจ้า,9.3,6.6,0.6,359,27.5,0.8
แป้งข้าวโพด,9.3,0.3,0.2,360,27.5,0.4
แป้งข้าวฟ่าง,9.3,10.6,2.5,134,27.5,0.7
แป้งข้าวเหนียว,9.3,6,0,357,27.5,0.8
แป้งข้าวเหนียว ,9.3,7.5,2.5,134,27.5,0.7
แป้งถั่วเขียว,0,0.2,0,134,27.5,0.9
แป้งทอดกรอบ,0.6,5,2.1,358,80,1.5
แป้งท้าวยายม่อม,9.3,0.1,0,134,27.5,1
แป้งปอเปี๊ยะ,9.3,7.5,0.9,134,50.3,0.7
แป้งมันสับปะหลัง,3.5,0.2,0.03,358,88.7,0.9
แป้งมันสำปะหลัง,9.3,0.1,0.1,134,27.5,1.2
แป้งสาคู,9.3,0,0,342,85.3,0.7
แป้งสาลี,9.3,12.2,1.3,354,27.5,3
แป้งสาลี,0.3,10.3,1,364,76.3,2.7
แป้งสาลี ,9.3,14.1,1.4,335,27.5,9.9
แป้งห่อปอเปี๊ยะ,9.3,4.9,0,134,78.3,0.7
แป้งอเนกประสงค์,0.3,10.3,1,364,76,2.7
แปะก๊วย,9.3,5.2,1.9,191,38.3,0.7
ผงกะหรี่,2.1,14.3,13,325,55,33
ผงชาเขียวมัทฉะ,2,0,0,0,0,0
ผงชูรส,0,0,0,0,0,0
ผงชูรส,0,0,0,0,0,0
ผงฟู,0,0,0,53,28,0
ผงวุ้น,0,1,0,15,0,8
ผงหมูแดง,50.4,2.4,1,281,27.5,2.6
ผักกวางตุ้ง,9.3,1.7,0.2,134,27.5,0.9
ผักกาดแก้ว,9.3,5.7,2.5,134,27.5,0.5
ผักกาดขาว,9.3,0.7,0,134,27.5,1.7
"ผักกาดขาวใบเขียว, ดิบ",9.3,1.3,0.2,134,27.5,1.6
"ผักกาดขาวปลี, ดิบ",9.3,1.6,0.1,134,27.5,2.7
ผักกาดดอง,9.3,0,0,134,27.5,2.7
"ผักกาดหอม, ดิบ",9.3,1.4,0.1,134,27.5,2
ผักแขยง,9.3,1.3,0.4,134,27.5,1.1
ผักคอส,1.2,1.2,0.3,17,3.3,2.1
"ผักคื่นช่าย, ดิบ",9.3,1.6,0.2,134,27.5,0.7
ผักชี,0.9,2.1,0.5,27.7,3.7,2.8
ผักชี,0.9,2.1,0.5,23,3.7,2.8
"ผักชี, เมล็ด",9.3,13.6,0.6,134,66.4,0.7
"ผักชี, ราก",9.3,1.7,0.2,46,27.5,5.8
ผักชีใบเลื่อย,0.4,3.7,0.5,36,5.6,23
ผักชีฝรั่ง,0.9,2.1,0.5,23,3.7,2.8
ผักบุ้ง,3.1,0,0,25,0,3.8
ผักแปะ,9.3,0.6,2.5,134,27.5,1.3
ผักผ่อง ,9.3,1,0.2,134,27.5,2.6
"ผักพาย, ดิบ",9.3,0.8,0.3,134,27.5,0.7
ผักลำโบ้,9.3,1,0.1,134,19.4,1.9
ผักหมาน้อย,9.3,0.8,0.2,134,27.5,2.4
ผักโหมเหบ,9.3,0.7,0.1,134,2.6,1.7
ผักอีฮีน,9.3,1.4,0.2,134,27.5,0.5
ผิวมะกรูด,9.3,3.4,1.5,134,24.3,0.7
เผือก,0.6,2.4,0.1,134,27.5,2.5
แผ่นเกี๊ยวทอด ,9.3,8.3,35.6,134,51,0.7
แผ่นข้าวโพดอบกรอบ,6.7,6.3,0.2,363,27.5,4.4
แผ่นข้าวโพดอบกรอบเคลือบนำ้ตาล,37.1,4,0.2,343,27.5,19.3
ฝักเขียว,1.5,2.8,0.3,35,7.6,2.7
พริก,5,2,0.4,47.6,9,1.5
พริกแกง,3.8,7.2,1.1,134,27.5,6
พริกขี้หนู,5.3,2.1,0.4,50,9.5,1.5
"พริกขี้หนู, ป่น",3.4,16.2,13.6,322,27.5,52.4
พริกเขียว,2.4,1.3,0.2,31,6.7,2.6
พริกชี้ฟ้า,9.3,15,8.6,134,59.9,0.7
พริกแดง,5.3,1.9,0.4,40,9.5,1.5
พริกไทย,0.6,10,3.3,251,64,26
พริกไทยขาว,9.3,11.4,6.5,134,68.6,0.7
พริกไทยดำ,9.3,12.4,7.3,134,62.2,0.7
พริกไทยอ่อน,9.3,3.5,1.6,134,13.3,0.7
พริกยักษ์,9.3,0.8,0.3,134,27.5,1.9
"พริกหนุ่ม, สด",9.3,1.3,0.3,134,27.5,1.2
พริกหยวก,9.3,1.4,0.2,134,27.5,1.7
พริกแห้ง,3.4,14,20.5,362,27.5,51
พุทรา,9.3,1.7,0.8,134,9,0.7
แพนกาเซียส ,9.3,10.7,1.1,53,27.5,0
แพร์,9.3,0.7,0.1,134,9.9,0.7
ไพล,0,0.9,0.2,19,4.1,2.2
ฟองเต้าหู้,9.3,11.6,7.7,134,27.5,1.7
ฟักข้าว,9.3,1,0.1,134,6,2.1
ฟักเขียว,9.3,0.4,0.1,134,27.5,1.2
"ฟักทอง, พันธุ์ศรีเมือง, ดิบ",9.3,1.5,0.2,134,27.5,1.3
มะกอก,9.3,0.4,0.1,134,27.5,0.7
มะกอกไทย,9.3,0.7,0.2,134,21,0.7
มะกอกฝรั่ง,9.3,0.8,0,134,12.3,0.7
มะขาม,9.3,14.4,7.5,386,65.3,0.7
มะขาม ดอง,9.3,1,0.2,134,11.9,0.7
มะขามเทศ,9.3,3.5,1,134,27.5,0.7
มะขามป้อม,9.3,0.4,0.1,134,27.5,2.1
มะเขือเทศ,9.3,1,0.4,134,27.5,2.7
มะเขือเทศสีดา,9.3,1,0.3,134,27.5,2.6
มะเขือเปราะ,9.3,1.1,0.2,134,5.2,2.6
มะเขือเปาะ,3.1,1,0.2,35,6.5,2.5
มะเขือม่วง,9.3,1.4,0.2,134,7.4,2.7
มะเขือยาว,9.3,1,0,134,27.5,1.7
มะเขือเสวย,9.3,1.5,0.5,134,27.5,1.5
มะดัน,9.3,0.3,0.1,134,7.4,0.7
มะเดื่อ,9.3,1.5,0.3,134,11.3,0.7
"มะเดื่อ, ผลอ่อน",9.3,1.3,2.5,134,27.5,1.2
มะตูม,8,2,0.3,137,32,2.9
มะนาว,9.3,0.5,0.1,134,10.8,0.7
"มะนาว, ดอง",9.3,0.9,0.1,134,10.3,0.7
มะปริง,9.3,0.4,0.8,134,16.8,0.7
มะพร้าว,4.7,0.9,4.9,134,27.5,1.4
มะพร้าว,9.3,3.5,28.7,134,13.3,0.7
"มะพร้าว, คั่ว",13.6,6.6,60.4,650,27.5,14.6
มะพร้าวอบแห้ง,1.8,4.1,39.2,482,27.5,50.8
มะพร้าวอ่อน,4.6,0.5,1.7,134,27.5,0.6
"มะพร้าวอ่อน, เนื้อ",3,1.4,3,47,27.5,1.6
มะไฟ,9.3,0.7,0.3,134,10.5,0.7
มะม่วงแก้ว,9.3,0.6,0.2,134,27.5,0.7
"มะม่วงเขียวเสวย, สุก",9.3,0.5,0.8,134,18.2,0.7
มะม่วงหิมพานต์,9.3,11.6,23,134,27.5,4.5
"มะม่วงหิมพานต์, ผล, สุก",9.3,0.8,0.4,48,27.5,2.6
มะม่า,1.8,7,18,470,60,2.7
มะยม,9.3,0.7,0.7,134,6.3,0.7
มะระขี้นก,9.3,1.4,0.4,134,27.5,2.6
มะระจีน,9.3,0.8,0.1,134,27.5,2.1
มะระไทย,9.3,1.4,0.4,134,27.5,2.6
มะระหวาน,9.3,5.7,2.5,134,27.5,2.1
มะรุม,9.3,1.3,0.3,134,27.5,2.5
มะละกอ,9.3,0.6,0.1,134,27.5,1.6
มะละกอสุก,9.3,0.2,0,134,3,0.7
มักกะโรนี,0.6,5,1.1,130,25,1.3
มันแกว,1.3,1,0.1,38,9,1.8
มันแกวดิบ,4.8,0.8,0.1,134,27.5,1.2
มันเทศเนื้อสีม่วงแดง,9.3,0.9,0.2,76,17.6,0.7
มันเทศเนื้อสีเหลือง,9.4,0.9,0.1,134,27.5,4.2
มันฝรั่ง,9.3,2.5,0.2,70,14.6,0.7
มันสำปะหลัง,9.3,0.8,0.2,137,33,0.7
มันสำปะหลัง,9.3,0.4,0.2,134,27.5,2.3
มันหมู,0,1,92,850,0,0
มันหมูแข็ง,9.3,3.9,81.6,750,27.5,0
"มาการีน, เอนกประสงค์",9.3,0.4,80.2,723,27.5,0
มายองเนส,11.4,1.6,49.9,521,27.5,0
มายองเนส,1.1,1,75,680,0.6,0
มิริน,13.4,0,0,230,12,0
เมล็ดทานตะวัน,1.9,23.4,52.1,134,27.5,11.1
เมล็ดบัว,9.3,10.3,0.5,134,27.5,10.1
เมล็ดฟักทอง,9.3,16.8,32.5,134,27.5,6.7
แม๊กกี้,0.4,2.2,0,1.5,0.2,15
แมคคาเดเมียนัท,3.2,7.6,78.5,134,27.5,5
"แมงกะพรุน, ดอง",9.3,0.7,0.4,38,27.5,0
"แมงกะพรุน, แห้ง",9.3,6.9,0,48,27.5,0
แมงลัก,0.1,14.8,15.9,134,27.5,56.8
แมงลัก,9.3,2.4,0.5,26,27.5,5.7
ยี่หร่า,9.3,16.9,7.7,134,54.2,0.7
โยเกิร์ต,9.3,3,0.8,134,18.1,0.7
โยเกิร์ต,5.9,4.5,3,94,27.5,0
โยเกิร์ตผสมวุ้นมะพร้าว,13,3.3,2.5,134,18.8,0.7
รสดี,2,6,3,90,10,0
รากผักชี,1.2,1.1,0.4,26.8,4.7,2
ละมุด,9.3,1,1,134,28.6,0.7
ลางสาด,9.3,0.9,0.1,134,15.6,0.7
ลำไย,9.3,1.2,0.1,134,27.5,1
ลิ้นจี่,9.3,1.1,0,134,21.9,0.7
ลิ้นฟ้า,9.3,0.6,0.4,134,27.5,2.4
"ลูกจันทน์เทศ, ดอง",9.3,1.8,0.4,134,18.5,0.7
ลูกจันทร์,2.2,5.8,36.3,525,49.3,20.8
ลูกชิ้น,9.3,16.2,9.9,173,27.5,0
ลูกชิ้น,9.3,17.8,3.1,163,27.5,0
ลูกชิ้นไก่,9.3,15.1,11,188,27.5,0
ลูกชิ้นแคะ,9.3,9.9,19.2,134,27.5,0
ลูกชิ้นวัว,9.3,15.8,3.5,120,27.5,0
ลูกชิ้นหมู,9.3,14.7,8.7,174,27.5,0
ลูกเดือยต้ม,0.5,4.6,2.4,147,27.5,0.8
ลูกตาล,9.3,1,0.4,39,27.5,5
"ลูกตาลอ่อน, สด",5,0.5,1,45,27.5,1.9
"ลูกท้อ, ดอง",9.3,0.9,0.1,134,5.5,0.7
ลูกหว้า,5,0.9,0.1,134,27.5,0.7
เลือดไก่,9.3,7.1,0.2,30,27.5,0
เลือดเป็ด,9.3,5.9,0.1,24,27.5,0
เลือดวัว,9.3,10.9,0.1,58,27.5,0
เลือดหมู,9.3,10.5,0,42,27.5,0
วุ้นเส้น,0,0.1,0,134,27.5,1.3
วุ้นเส้น,4.9,1.7,4.6,134,27.5,1.6
เวย์โปรตีนผง,9.3,7.8,9.7,400,27.5,3.4
สตรอเบอร์รี่,4,0.7,0.3,33,27.5,3
สตรอเบอร์รี่แช่แข็ง,4.9,0.8,0.2,36,27.5,2.6
ส้นนอกวัว,9.3,20.5,1.1,98,27.5,0
ส้ม,8.2,0.9,0.1,47,11.8,2.4
"ส้ม, เกลี้ยง",9.3,0.5,0,134,12.6,0.7
"ส้ม, จุก",9.3,0.7,0,134,9.3,0.7
ส้มซ่า,2,1,0.2,40,9,1.2
ส้มฟัก,9.3,12.2,1.4,74,27.5,0
"สมอ, ดอง",9.3,1,2.8,134,14.1,0.7
ส้มโอ,7,0.8,0.2,38,9.6,1
สะโพกไก่,9.3,15.6,15.6,134,27.5,0
สะโพกหมู,9.3,21.6,5.6,137,27.5,0
"สะระแหน่, ใบ",9.3,3.2,0.7,34,27.5,5.6
สันคอหมู,0,17,23,290,0,0
สันตะวาใบพาย,9.3,0.4,0.1,134,1.8,0.7
สันนอกหมู,9.3,22.7,6.5,149,27.5,0
สันในวัว,9.3,22.6,1,99,27.5,0
สันในหมู,9.3,21.8,3.2,116,27.5,0
สัปปะรด,9.9,0.5,0.1,50,13.1,1.4
สายบัว,9.3,0.3,0.1,134,27.5,1.6
สายบัว,1,1.5,0.1,23,4,1.6
เส้นก๋วยจั๊บ,0,1.7,0.1,133,27.5,0.4
เส้นก๋วยจั๊บญวน,0,1.4,0.2,116,27.5,0.8
เส้นก๋วยเตี๋ยว,17.3,4.5,0.4,270,27.5,1.4
เส้นแก้ว,0.1,0.1,0,351,86,0.5
เส้นจันท์,9.3,5.4,0.3,134,81.1,0.7
เส้นบะหมี่กึ่งสำเร็จรูป,2.4,6.8,5,364,27.5,2
เส้นบะหมี่กึ่งสำเร็จรูป,1.2,7.5,17.8,450,59.1,2.3
เส้นหมี่,9.3,7,0.7,375,27.5,1.3
เส้นหมี่ขาวทอด,9.3,4,42.8,134,52.2,0.7
เสม็ดชุน,9.3,5.7,2.5,134,27.5,7.1
เสาวรส,9.3,1.3,0.3,42,27.5,3.8
ไส้กรอกหมู,9.3,12.7,20.7,134,27.5,0
ไส้หมู,9.3,9.3,17.6,205,27.5,0
ไส้หมู,0,16,24,290,0,0
ไส้อ่อน,0,16,14,190,0,0
ไส้อั่ว,9.3,18.4,29.3,134,27.5,0
หญ้าปักกิ่ง,9.3,0.5,0.2,134,27.5,0.7
หญ้าปักกิ่ง,9.3,0.8,0.2,134,27.5,1.4
หน่อไม้,9.3,0.8,0.2,134,27.5,1.6
หน่อไม้,3,6.2,0.3,27,5.5,0
หนังหมู,0,27,35,500,0,0
หนูนา,9.3,20.8,7.4,158,27.5,0
หมี่โคราช,18.3,4.8,6,393,27.5,1.3
หมี่ซั่ว ,9.3,12.3,0.8,326,27.5,4.6
หมูกรอบ,9.3,19.9,46.9,134,27.5,0
หมูยอ,9.3,14.9,24.7,134,27.5,0
หมูสับ,9.3,18.2,17,134,27.5,0
หมูสับละเอียด,9.3,18.2,17,134,27.5,0
หมูสามชั้น,9.3,21.1,38.2,134,27.5,0
หยวกกล้วย,9.3,0.6,0.1,134,27.5,2.6
หอมเจียว,4.5,3.5,37,440,49,2
หอมแดง,9.3,2.6,0.1,64,27.5,2.4
หอมหัวใหญ่,9.3,1.1,0.1,134,27.5,2.3
"หอยกะพง, ดอง",9.3,6.1,0.9,68,27.5,0
"หอยกะพง, ดิบ",9.3,8.3,1.4,75,27.5,0
"หอยขม, ดิบ",9.3,12.4,1.2,82,27.5,0
"หอยแครง, ดอง",9.3,8.8,2.9,134,27.5,0
"หอยแครง, ดิบ",9.3,11.3,1,58,27.5,0
หอยเชอรี่,9.3,10.6,0.6,52,27.5,0
หอยเซลล์,9.3,13.6,0.5,78,27.5,0
"หอยนางรม, บรรจุกระป๋อง",9.3,13.7,28.4,55,27.5,0
"หอยนางรม,ดิบ",9.3,5.7,2.5,64,27.5,0
"หอยนางรมลอย, ดอง",9.3,5.8,2.5,50,27.5,0
"หอยแมลงภู่, ดอง",9.3,2.9,0.4,76,27.5,0
"หอยแมลงภู่, ดิบ",9.3,9.3,0.9,64,27.5,0
"หอยลาย, ดิบ",9.3,10.3,0.5,77,27.5,0
"หอยส้ม, ดิบ",9.3,6.8,0.9,64,27.5,3
"หอยเสียบ, ดอง",9.3,10.6,0.4,69,27.5,0
หัวกะทิ,9.3,3.1,28.1,134,1.7,0.7
หัวใจหมู,9.3,17,5.8,121,27.5,0
หัวไชเท้า,1.9,0.6,0.1,18,4.1,1.6
หัวปลี,9.3,1.6,0.4,134,27.5,2.3
หัวผักกาด,9.3,0.9,0.3,134,27.5,2.4
หัวผักกาด ,9.3,0.7,0.2,134,27.5,2.2
หัวหมู,9.3,22.6,22.4,134,27.5,0
หางกะทิ,2.1,1.6,21.3,213,3.5,0
เห็ด,1,2.9,0.2,26.6,3.3,1
เห็ดชิเมจิ,1,2.7,0.3,29.1,3.9,2.7
เห็ดนางฟ้า,9.3,1.5,0.1,134,27.5,1.3
เห็ดฟาง,1.2,3.1,0.2,33.4,4.8,2.2
เห็ดหอม,2.2,2.2,0.4,39.6,6.8,2.5
เห็ดหูหนูขาว,9.3,1.1,0,134,27.5,2.2
เห็ดหูหนูขาว,9.3,1,0.1,134,27.5,1.6
เห็ดหูหนูสีน้ำตาล,9.3,0.7,0.1,134,27.5,2
เห็ดหูหนูสีน้ำตาล,9.3,0.6,0,134,27.5,1
เห็ดออรินจิ,1.2,3,0.2,33,6,2.3
แหนม,9.3,18.4,2.5,111,27.5,0
แหนมหมู,9.3,19.1,2.6,115,27.5,0
แห้ว,9.3,1.1,0,134,21.9,0.7
แห้ว,9.3,1.2,0.1,134,21.3,0.7
โหระพา,9.3,2.9,0.2,32,27.5,3.9
โหระพาฝรั่ง,0.4,3.3,0.2,30,27.5,4.8
อกไก่,9.3,19.8,8.2,153,27.5,0
อบเชย,9.3,3.3,1,134,76.6,0.7
อโวคาโด,0.7,2,15,160,9,7
อึ่งอ่าง,9.3,16.3,2.2,96,27.5,0
เอ็นหมู,9.3,12.8,0,51,27.5,0
เอื้องน้ำ,9.3,0.8,0.1,134,27.5,1.5
แอปเปิล,10.4,0.3,0.3,52,13.8,2.4
ไอศครีมเชอร์เบต,21.2,1.3,3,130,27.5,1
"แฮม, หมู, ดิบ",9.3,20.4,7.4,148,27.5,0